"ANO","NIVEL","CODMUNRES","TN","TNRC","TNRCR","TGI_15","TGI_15_19","TGI_20_24","TGI_25_29","TGI_30_34","TGI_35_39","TGI_40_44","TGI_45_49","TGI_50","TGIF","IM_P25","IM_P50","IM_P75","IM_MD","IM_DP","EM_S","EM_FI","EM_FII","EM_M","EM_SI","EM_SC","TGRC_B","TGRC_PT","TGRC_A","TGRC_PD","TGRC_I","TGSC","TGCC","TGPRI","TGNPRI","TGU","TGG","TGD_22","TGD_22_27","TGD_28_31","TGD_32_36","TGD_37_41","TGD_42","TGD_PRT","TGD_AT","TGD_PST","DG_P25","DG_P50","DG_P75","DG_MD","DG_DP","TKC_NR","TKC_ID","TKC_IT","TKC_AD","TKC_MAD","TGPRG_S","TGPRG_N","TPV","TPC","TRAP_C","TRAP_P","TRAP_T","TGROB_1","TGROB_2","TGROB_3","TGROB_4","TGROB_5","TGROB_6","TGROB_7","TGROB_8","TGROB_9","TGROB_10","TNLOC_H","TNLOC_ES","TNLOC_D","TNLOC_O","TNLOC_AI","TRS_M","TRS_F","TRRC_B","TRRC_PT","TRRC_A","TRRC_PD","TRRC_I","TRP_BP","TRP_N","TRP_M","PESO_P25","PESO_P50","PESO_P75","PESO_MD","PESO_DP","TRPIG_P","TRPIG_A","TRPIG_G","TRAPG5_B","TRAPG5_N","APG5_MD","APG5_DP","TRAC","TRSAC"
2015,"UF",21,117564,80788,84116,1700,28356,34257,27700,16858,6937,1600,139,17,115847,19,24,29,24.4342570855024,6.27824182247947,1809,10126,37390,54527,3348,6902,10421,4867,221,94281,1318,53812,62379,73717,43847,115506,1730,89,496,1202,11107,91717,7363,12890,91651,7359,38,39,40,38.7866845397676,2.43266436717562,486,33028,18568,15188,39285,32550,85014,66332,50921,110436,3316,348,28295,6442,34832,5329,17833,1224,1745,1703,348,11350,114223,631,2461,230,0,60239,57296,10662,4893,222,95281,1453,8437,100606,8390,2950,3270,3600,3245.57167917025,563.779670197306,8155,84149,14823,1440,102461,9.23855400814237,0.924467957460587,615,114674
2015,"MUNICIPIO",210000,8,4,4,0,3,1,2,2,0,0,0,0,8,18.5,23,29,23.625,6.73874723414629,0,2,3,0,0,1,1,0,0,5,0,2,5,4,4,8,0,0,0,0,0,8,0,0,8,0,38.75,39,39.25,39,1.19522860933439,0,1,1,2,2,8,0,4,4,7,0,0,4,0,2,1,0,0,0,0,0,0,8,0,0,0,0,4,4,1,0,0,5,1,0,8,0,2907.5,3170,3431.25,3209.875,324.678054826184,0,8,0,0,8,9.375,0.517549169506766,0,8
2015,"MUNICIPIO",210005,2085,1838,1942,32,476,570,535,323,130,18,1,0,2053,20,24,29,24.5961630695444,6.24998922473376,24,119,664,1074,68,125,212,121,6,1725,5,1341,735,1255,830,2036,40,0,16,33,221,1595,200,270,1595,200,38,39,40,38.7418886198547,2.72543882342351,4,608,406,283,744,597,1488,978,1101,2017,43,4,522,180,465,136,425,15,24,40,4,230,2073,5,2,3,0,1057,1028,212,121,6,1725,5,162,1745,178,3000,3300,3620,3251.99184652278,627.666781584849,143,1475,328,35,2018,9.28787140769605,0.944582376765995,15,2065
2015,"MUNICIPIO",210010,102,84,84,1,30,27,17,11,12,4,0,0,101,19,23,30,24.6862745098039,7.5897017149502,3,22,43,29,3,0,1,1,1,99,0,77,24,66,36,102,0,0,0,0,12,81,2,12,81,2,38,39,40,38.6526315789474,1.77912494061303,2,27,5,14,45,78,24,78,24,95,7,0,25,4,39,4,6,3,4,0,0,11,100,0,2,0,0,47,55,1,1,1,99,0,9,83,10,2897,3190,3493.75,3207.26470588235,588.360617619632,6,75,13,1,98,8.84848484848485,0.81270066738504,0,102
2015,"MUNICIPIO",210015,170,122,135,1,46,52,43,23,5,0,0,0,169,19,23,28,23.7058823529412,5.41053876154855,3,19,72,55,1,8,6,2,0,148,0,36,121,98,72,154,4,0,2,2,9,119,23,13,119,23,38,39,40,39.0451612903226,2.81310000349448,1,66,17,15,56,154,16,95,63,155,1,1,55,5,46,2,22,1,0,4,1,10,166,0,4,0,0,85,85,8,2,0,149,0,12,145,11,3050,3342.5,3600,3329.4880952381,507.180429316215,11,104,19,3,161,9.68292682926829,0.781347723201295,0,163
2015,"MUNICIPIO",210020,160,83,95,3,43,59,34,15,4,2,0,0,157,19,22,27,23.13125,5.87192646754467,2,11,49,79,7,8,20,13,1,118,0,63,89,94,66,152,8,1,1,2,19,118,13,23,118,13,37,39,40,38.6038961038961,3.1026424141237,3,50,46,16,29,142,18,105,54,120,3,0,27,5,32,2,22,0,2,8,0,21,153,6,1,0,0,82,78,20,13,1,118,0,15,134,11,2846.25,3230,3586.75,3182.225,607.451330452016,13,101,25,6,115,8.92561983471074,1.31760698019932,3,154
2015,"MUNICIPIO",210030,433,328,344,8,107,138,86,58,27,8,1,0,425,19,23,29,24.3002309468822,6.41341367343009,4,95,181,122,7,12,6,13,1,412,0,302,130,298,135,428,5,1,2,1,55,315,35,59,315,35,38,39,40,38.7163814180929,2.62019880462004,1,139,68,68,98,297,136,294,138,416,16,0,90,6,167,6,66,5,10,5,0,53,408,10,11,4,0,236,197,6,13,1,412,0,33,377,23,2970,3270,3570,3227.00230946882,563.313570079219,33,306,50,1,429,9,0.409673245199351,1,432
2015,"MUNICIPIO",210040,102,89,93,3,20,31,24,16,5,2,1,0,99,20.25,24,29,25.0098039215686,6.9117421942078,1,9,35,44,4,8,9,3,0,86,1,35,65,60,42,98,4,0,0,1,15,82,4,16,82,4,38,39,40,38.6372549019608,2.09567785147287,0,30,11,8,49,100,2,50,52,101,1,0,33,4,25,1,18,0,1,4,0,16,97,2,2,1,0,44,58,9,3,0,86,1,8,87,7,2961.25,3332.5,3600,3247.80392156863,645.424828076315,5,79,13,1,101,9.00980392156863,1.00980439277498,1,101
2015,"MUNICIPIO",210043,469,347,363,9,140,145,110,46,14,4,1,0,460,19,22,27,23.1279317697228,5.82441150943442,16,54,177,195,8,9,16,2,0,434,1,160,288,286,183,459,10,0,3,3,51,364,37,57,364,37,38,39,40,38.8427947598253,2.49142126473966,1,165,54,39,147,29,440,249,220,449,19,1,137,16,139,6,87,9,8,10,1,45,459,2,7,1,0,262,207,16,2,0,434,1,42,398,29,2935,3280,3580,3225.95095948827,567.878722366303,35,346,53,4,457,9.71583514099783,0.838962096193494,0,469
2015,"MUNICIPIO",210047,492,382,402,9,154,145,96,62,22,3,1,0,483,18,22,27.25,23.2642276422764,6.08487999679243,8,47,158,256,6,5,63,36,2,387,0,128,347,354,138,483,8,1,3,9,38,411,29,51,411,29,38,39,40,38.7556008146639,2.67134151797032,1,152,59,74,186,39,453,298,194,426,29,24,93,11,184,10,81,9,19,7,24,39,486,1,5,0,0,245,247,64,36,2,389,0,32,433,27,2950,3300,3550,3243.55081300813,536.388051708491,32,378,58,8,442,9.37555555555556,1.08598185753826,2,490
2015,"MUNICIPIO",210050,189,10,10,2,52,45,48,19,18,2,3,0,187,19,24,29,24.8359788359788,7.09431722829758,0,1,14,7,1,2,5,1,0,18,0,104,81,115,74,185,0,0,1,1,5,177,1,7,177,1,41,41,41,40.4972972972973,1.71984682180762,0,5,6,2,12,25,164,127,58,25,0,0,9,1,7,1,4,0,0,0,0,3,187,1,1,0,0,105,84,21,2,0,165,0,10,159,20,3000,3400,3666,3363.97354497354,597.134802788,18,143,23,3,169,9.06395348837209,1.20500057418614,1,188
2015,"MUNICIPIO",210055,124,70,76,4,40,40,24,13,2,1,0,0,120,18,21,26.25,22.5483870967742,5.74577234289852,1,12,52,26,0,4,12,21,0,85,1,32,91,79,45,122,2,0,1,1,17,79,8,18,77,8,37,39,40,38.3106796116505,2.9273193459559,0,53,15,6,24,117,7,97,27,119,1,0,26,1,45,0,11,0,1,2,0,17,117,1,5,1,0,63,61,12,21,0,86,1,7,107,10,3000,3247.5,3555,3250.8064516129,556.531997888248,4,74,19,2,117,9.35294117647059,0.708163479332012,0,122
2015,"MUNICIPIO",210060,807,694,710,30,225,216,164,126,33,9,4,0,777,18,23,28,23.7707558859975,6.65347442202216,34,181,332,231,10,13,26,6,0,536,231,663,139,562,245,793,13,0,1,6,40,728,31,47,728,31,38,39,40,39.0111662531017,1.86464307400735,2,279,93,44,375,99,708,589,217,765,24,17,202,18,389,19,85,9,14,13,17,39,738,1,67,1,0,421,386,26,6,0,536,231,40,684,80,3096.25,3400,3700,3365.55223880597,536.060488963799,48,606,132,4,735,9.37347767253045,0.802199012252955,5,800
2015,"MUNICIPIO",210070,367,174,179,4,82,126,80,54,19,2,0,0,363,20,23,29,24.3215258855586,5.87856622270351,3,35,112,136,8,9,82,5,1,215,0,210,155,227,140,364,2,0,2,3,35,292,29,39,241,26,38,39,41,39.0261437908497,2.52709309427359,1,104,34,48,113,181,186,243,123,290,5,0,88,9,104,7,39,1,4,2,0,36,363,1,2,1,0,185,182,103,7,1,253,0,38,301,28,2837.5,3170,3500,3155.52861035422,599.095213633762,37,226,34,17,235,8.48412698412698,1.46531819143061,2,358
2015,"MUNICIPIO",210080,269,202,212,6,76,89,61,26,9,1,1,0,263,19,22,27,23.1598513011152,5.64567143464401,7,35,100,110,7,8,9,1,1,256,0,194,73,164,105,262,7,0,0,3,36,199,18,39,199,18,38,39,40,38.71484375,2.33824435039558,1,78,52,42,53,171,98,175,94,258,9,0,76,6,84,6,33,2,5,7,0,35,265,2,2,0,0,132,137,9,1,1,256,0,22,231,16,2935,3200,3500,3209.55018587361,512.234716825435,22,194,28,5,261,9.07142857142857,0.876620563219822,2,266
2015,"MUNICIPIO",210083,299,21,23,3,90,102,67,25,8,4,0,0,296,19,22,26.5,23.0903010033445,5.74823050476741,1,23,135,122,1,9,24,46,1,219,1,194,102,206,93,295,4,0,1,3,39,235,20,43,235,20,38,39,40,38.5906040268456,2.57680255713062,2,33,137,56,60,82,217,201,98,273,23,0,61,12,111,15,32,7,15,4,0,38,288,2,9,0,0,151,148,24,46,1,219,1,18,261,20,3015,3350,3600,3305.1237458194,505.306606442842,20,219,46,2,22,8.91666666666667,2.01982923657609,1,298
2015,"MUNICIPIO",210087,186,127,140,6,52,50,42,23,10,3,0,0,180,18,23,27,23.6397849462366,6.39800035965539,15,22,74,65,2,2,11,13,0,142,15,77,109,90,96,176,7,0,1,4,21,116,20,26,116,20,38,39,40,38.641975308642,3.05359432635469,0,77,32,12,52,144,42,114,70,169,13,0,60,2,42,2,19,9,1,7,0,20,172,0,8,6,0,81,105,11,13,0,142,15,20,157,9,2800,3157.5,3497.5,3101.31182795699,628.777397614796,15,108,22,5,175,8.6,0.759299883345943,1,182
2015,"MUNICIPIO",210090,545,456,467,11,133,192,128,60,17,4,0,0,534,19,23,27,23.4807339449541,5.66627790905878,12,78,250,179,4,18,35,24,1,459,0,152,389,352,193,537,5,0,2,4,64,434,39,70,434,39,38,39,40,38.7642725598527,2.30746697739606,1,216,93,60,153,405,140,339,205,528,11,0,139,21,182,48,67,2,7,5,0,65,524,0,19,2,0,282,263,35,24,1,459,0,29,467,44,3000,3317.5,3645,3312.75,532.267549672284,20,411,89,8,511,9.52408477842004,0.867082424584124,2,543
2015,"MUNICIPIO",210095,557,165,169,21,132,165,114,71,39,13,1,1,535,19,23,29,24.2998204667864,6.893450387222,17,49,117,97,3,12,26,3,0,221,49,311,231,385,172,554,3,0,0,5,41,451,38,46,451,38,39,41,41,39.8093457943925,2.12200583110498,0,48,25,32,80,243,314,436,121,291,11,0,68,22,94,8,39,3,8,3,0,35,513,0,44,0,0,284,273,40,4,0,356,151,25,479,53,3000,3300,3650,3307.59784560144,516.685281102124,53,401,71,9,544,9.47016274864376,0.820654657982146,0,555
2015,"MUNICIPIO",210100,474,259,276,5,113,160,104,66,23,3,0,0,469,20,23,28,24.1455696202532,5.90784687926512,4,27,155,245,12,12,78,3,0,367,1,132,336,275,199,470,3,0,0,5,32,366,42,37,366,42,38,39,40,39.152808988764,2.24491868106702,0,91,24,40,239,79,395,277,195,450,8,4,152,14,126,7,84,4,4,3,4,36,462,3,9,0,0,245,229,82,3,0,373,1,25,412,37,2985,3300,3600,3278.24261603376,526.984442603983,27,335,60,4,431,8.99310344827586,0.652854967882963,2,413
2015,"MUNICIPIO",210110,195,131,137,2,41,55,54,25,13,5,0,0,193,20,24,29,25.0717948717949,6.41237321644521,1,17,49,105,6,4,15,5,0,157,1,102,81,134,61,190,4,0,2,4,12,143,18,18,143,18,38,39,40,38.731843575419,2.75306620850781,0,26,12,28,125,77,118,124,71,187,4,1,36,10,66,13,29,2,1,4,1,14,195,0,0,0,0,114,81,15,5,0,157,1,14,164,17,3000,3346,3600,3285.05641025641,659.418903744739,12,132,25,0,191,9.01570680628272,0.464264441326004,1,189
2015,"MUNICIPIO",210120,1734,1559,1608,25,421,541,396,237,92,21,1,0,1709,19,23,28.75,24.242214532872,6.11414174771351,11,121,516,879,74,123,127,112,2,1423,5,425,1299,1019,715,1721,13,1,8,19,145,1459,93,173,1459,93,38,39,40,38.7640579710145,2.29128425196865,2,396,251,285,765,148,1586,630,1102,1705,25,2,537,91,532,45,324,10,13,13,2,157,1569,150,14,1,0,880,854,127,112,2,1423,5,126,1517,90,2925,3270,3555,3216.50548182343,561.250000487572,150,1328,194,48,1673,9.09355026147589,1.00172479390996,4,1726
2015,"MUNICIPIO",210125,312,231,246,4,69,96,82,47,11,3,0,0,308,20,24,28,24.1794871794872,5.84195621939162,2,14,107,171,6,10,21,4,0,266,1,142,168,201,111,301,10,0,2,6,31,241,12,39,241,12,38,39,40,38.5582191780822,2.57666656039926,1,71,48,45,121,311,1,189,122,302,7,1,82,8,109,5,41,2,3,10,1,29,310,0,0,2,0,156,156,21,4,0,266,1,24,271,17,2958.75,3267.5,3618.75,3228.13461538462,571.183620039246,14,221,40,4,303,8.79153094462541,0.837553979249665,1,304
2015,"MUNICIPIO",210130,256,20,22,4,84,92,40,24,10,2,0,0,252,19,21,26,22.6953125,5.77358228927071,1,11,90,142,0,10,10,93,3,144,0,133,118,204,52,252,4,0,0,3,20,200,12,23,200,12,38,39,40,38.8127659574468,2.17774456183776,4,91,40,29,78,104,152,176,78,228,17,0,39,6,80,4,57,1,14,4,0,19,242,0,14,0,0,133,123,10,93,3,144,0,19,218,19,2987.5,3250,3600,3254.66796875,527.836861225147,19,182,26,2,25,8.92592592592593,2.2001035976644,2,253
2015,"MUNICIPIO",210135,65,57,59,1,15,21,15,8,3,2,0,0,64,20,23,27,24.0615384615385,6.53088078639886,1,7,33,20,0,1,1,3,0,58,0,56,9,39,26,63,2,0,0,0,5,52,5,5,51,4,38,39,40,39.0833333333333,1.79728294619978,2,8,19,10,21,62,3,42,23,40,22,0,10,0,19,0,4,14,7,2,0,4,62,0,3,0,0,34,31,1,3,0,60,0,5,53,4,2800,3300,3712.5,3249.27419354839,694.185952537329,3,49,6,0,61,9.9344262295082,0.249589827451387,0,65
2015,"MUNICIPIO",210140,2103,92,98,23,523,660,455,309,106,25,2,0,2080,19,23,28,24.1516880646695,6.14186130415154,8,106,678,1102,59,141,712,47,0,1301,0,1640,450,1313,790,2087,12,0,7,16,177,1805,88,200,1805,88,38,39,40,38.7630195891065,2.0801871648074,16,195,419,724,742,79,2024,999,1104,2087,7,1,668,44,900,28,238,0,6,12,1,187,2099,0,4,0,0,1062,1041,712,47,0,1301,0,150,1836,117,2915,3200,3537.5,3211.89348549691,532.399014667219,220,1571,253,6,104,8.79090909090909,1.56858759904568,1,2100
2015,"MUNICIPIO",210150,249,215,218,2,62,66,56,42,16,3,2,0,247,19,24,30,24.8875502008032,6.60243460888533,1,29,82,106,6,25,30,11,4,189,1,121,127,145,104,245,2,0,0,2,28,210,7,30,210,7,38,39,40,38.6153846153846,1.99232423249948,0,50,27,36,127,223,26,119,130,235,9,0,69,18,65,16,38,1,7,2,0,26,249,0,0,0,0,126,123,30,11,4,189,1,21,217,11,2900,3200,3460,3161.3734939759,528.493370823396,22,197,23,4,244,9.43145161290323,1.05484169508879,1,245
2015,"MUNICIPIO",210160,1676,1389,1438,35,429,464,401,218,100,26,3,0,1641,19,24,28,24.2297136038186,6.36663693235102,75,221,555,719,37,61,236,16,3,1221,194,1271,402,1106,570,1666,8,0,3,10,184,1200,92,197,1200,92,38,39,40,38.7172599059772,2.33831549807963,0,719,223,179,509,40,1636,907,766,1660,7,0,238,212,421,160,251,4,3,8,0,190,1630,0,45,1,0,830,846,236,16,3,1221,194,108,1446,121,2970,3260,3597,3249.97194029851,536.958290098377,100,1122,217,5,1624,9.20319214241866,0.585315493193309,17,1659
2015,"MUNICIPIO",210170,1205,1028,1083,14,292,365,293,169,58,12,2,0,1191,19,23,28,24.1717842323651,6.04162201438499,20,173,438,519,18,35,1,0,1,1200,0,745,449,795,410,1192,5,0,1,8,143,898,127,152,898,127,38,39,40,38.9932030586236,2.35532859913911,3,333,204,149,482,55,1150,854,348,1171,28,0,337,5,518,7,124,8,20,5,0,145,1147,3,55,0,0,630,575,1,0,1,1200,0,60,1013,132,3020,3336,3694,3357.81825726141,535.595530623502,74,826,213,6,1140,9.79755671902269,0.698740700581509,6,1194
2015,"MUNICIPIO",210173,196,29,30,1,62,58,37,20,10,7,1,0,195,19,22,28,23.8265306122449,6.77858696447538,15,32,88,55,0,2,0,0,0,196,0,90,106,153,43,192,4,0,0,2,19,143,24,21,143,24,38,39,40,39.218085106383,2.2277521711433,5,93,29,10,49,169,27,153,43,181,13,1,26,0,109,0,20,7,4,4,1,16,169,0,27,0,0,108,88,0,0,0,196,0,7,176,13,3000,3300,3602.5,3302.12244897959,528.303880411228,11,138,24,1,45,8.91304347826087,1.02904674241146,2,194
2015,"MUNICIPIO",210177,221,213,216,3,58,58,69,20,8,5,0,0,218,19,23,28,23.9909502262443,5.98330324564362,2,15,89,103,4,8,16,1,0,204,0,87,133,152,69,220,1,0,0,0,18,190,11,18,190,11,38,39,40,38.8036529680365,1.79775226327692,0,53,35,27,103,221,0,134,87,216,5,0,48,13,90,11,35,1,3,1,0,17,219,2,0,0,0,127,94,16,1,0,204,0,9,194,18,3045,3350,3620,3321.7963800905,501.904671486094,6,180,30,1,220,9.60633484162896,0.79986115619502,0,221
2015,"MUNICIPIO",210180,71,19,20,1,15,12,28,10,4,1,0,0,70,20,26,29,25.3521126760563,6.20160944905041,0,10,27,21,0,3,10,1,0,50,1,17,53,49,22,70,1,0,0,0,2,63,6,2,63,6,39,40,41,39.7183098591549,1.55088084272454,1,22,7,15,18,57,14,43,28,61,2,0,14,2,31,0,11,0,2,1,0,2,68,0,2,1,0,26,45,14,1,0,54,1,4,60,7,3110,3335,3775,3371.25352112676,517.829031860347,7,49,12,0,28,9.28571428571429,0.460043706228236,0,68
2015,"MUNICIPIO",210190,278,51,57,5,63,90,73,30,12,5,0,0,273,20,24,28,24.1798561151079,6.12711532594985,3,24,76,161,1,3,42,34,0,197,0,192,78,166,112,270,8,0,3,4,30,194,21,37,194,21,38,39,40,38.7301587301587,2.89776036175295,1,102,59,28,46,69,209,204,74,80,2,0,21,4,12,0,14,1,0,8,0,19,268,1,9,0,0,145,133,42,34,0,197,0,33,232,13,2865,3250,3587.5,3184.89568345324,590.627024015618,25,188,28,0,69,9.53623188405797,0.916831342257085,2,276
2015,"MUNICIPIO",210193,69,61,65,0,15,18,13,16,5,2,0,0,69,20,26,31,26.2173913043478,6.89601241387196,0,7,24,33,0,5,9,3,1,55,0,22,47,47,22,69,0,0,0,1,4,53,10,5,53,10,38,39,40,39.2794117647059,2.29109625220645,0,24,6,6,31,69,0,36,33,66,1,0,14,5,22,5,15,0,1,0,0,4,69,0,0,0,0,36,33,9,3,1,55,0,2,61,6,3130,3300,3600,3346.66666666667,516.879058179294,1,55,7,0,69,9.76811594202899,0.51862168962356,1,68
2015,"MUNICIPIO",210197,149,105,112,8,55,39,28,12,5,2,0,0,141,18,21,26,22.2281879194631,6.30113761218488,1,20,91,30,4,2,31,41,1,73,1,39,110,91,58,149,0,1,1,4,18,101,8,24,101,8,37,39,40,38.2556390977444,3.35219090577533,1,67,24,14,23,141,8,120,29,146,2,0,41,2,52,1,11,0,2,0,0,23,142,0,7,0,0,79,70,31,41,1,73,1,15,123,11,2970,3250,3550,3227.12080536913,596.183808867788,11,95,20,2,145,9.61224489795918,0.982371882209923,0,146
2015,"MUNICIPIO",210200,636,445,457,16,190,192,125,71,34,8,0,0,620,18,22,27,23.2169811320755,6.26577462565372,15,74,261,254,11,18,47,23,0,516,41,183,450,409,227,631,4,1,1,6,63,469,40,71,469,40,38,39,40,38.7965517241379,2.42254562276625,3,230,145,85,148,323,313,351,284,601,27,4,160,10,176,16,118,10,15,4,4,64,627,2,7,0,0,316,320,47,23,0,516,41,39,545,52,3000,3300,3601.25,3288.45125786164,567.593132930268,34,444,85,7,502,9.41650294695481,1.01533650529633,1,632
2015,"MUNICIPIO",210203,570,418,440,11,144,157,144,80,24,10,0,0,559,19,24,28,24.1,6.17798404165798,15,93,247,189,8,13,49,46,0,434,11,299,269,404,166,555,10,0,1,4,56,393,39,61,393,39,38,39,40,38.9026369168357,2.3836019116428,2,159,108,96,152,284,286,395,170,543,17,4,102,24,201,21,66,7,9,8,4,50,558,0,9,3,0,306,264,49,46,0,434,11,36,478,55,2960,3300,3620,3263.29876977153,581.626912036248,37,360,70,9,554,9.28241563055062,1.02469152961194,1,565
2015,"MUNICIPIO",210207,152,134,138,2,39,44,43,14,9,1,0,0,150,19,23,28,23.9802631578947,5.97397268148788,7,20,51,63,3,6,14,4,0,132,0,31,121,89,63,150,2,0,1,0,13,131,7,14,131,7,38,39,40,38.8289473684211,2.01903627850029,0,33,29,25,57,151,1,71,81,148,3,0,52,2,46,5,28,1,1,2,0,14,144,7,1,0,0,65,87,14,4,0,132,0,9,139,4,2980,3247.5,3500,3209.31578947368,470.230004606772,11,124,13,2,150,9.1578947368421,1.01057496687813,0,151
2015,"MUNICIPIO",210210,545,303,310,5,145,156,142,67,25,5,0,0,540,19,23,28,23.9284403669725,5.81614910348383,8,48,224,220,24,14,8,1,1,527,1,438,100,402,143,539,6,0,0,6,55,409,28,61,409,28,38,39,40,38.7510040160643,2.26651084809474,3,105,34,171,46,114,431,297,248,538,6,0,84,28,180,10,129,2,4,6,0,57,543,0,2,0,0,278,267,8,1,1,527,1,24,475,46,3000,3300,3600,3278.84587155963,520.044400418501,28,379,75,1,543,9.01286764705882,0.460022272001836,0,543
2015,"MUNICIPIO",210215,123,106,113,2,25,42,31,17,6,0,0,0,121,20,23,28,23.9837398373984,5.55890032148622,2,19,43,52,2,5,12,2,0,109,0,34,88,74,49,121,2,0,0,1,9,100,13,10,100,13,38.5,40,40,39.3008130081301,2.250446073631,1,27,16,21,54,115,8,67,56,121,0,0,44,2,48,3,15,0,0,2,0,7,113,3,7,0,0,60,63,12,2,0,109,0,7,105,11,3007.5,3270,3617.5,3301.9837398374,513.961964908673,6,92,16,2,114,9.06896551724138,1.06912510294966,0,123
2015,"MUNICIPIO",210220,579,475,488,4,129,172,142,79,39,13,1,0,575,20,24,29,24.9050086355786,6.52991194095852,22,98,226,205,3,15,20,13,2,541,0,459,119,417,162,572,6,1,1,5,46,452,40,53,452,40,38,39,40,38.9064220183486,2.35155905845391,3,204,54,58,198,310,269,432,146,557,18,4,120,14,245,18,74,9,8,6,4,50,574,1,4,0,0,289,290,20,13,2,541,0,46,488,41,2937,3230,3600,3226.48347826087,565.991288505255,45,421,62,18,555,8.42233856893543,0.955105956775048,3,575
2015,"MUNICIPIO",210230,415,341,362,9,136,116,74,47,28,5,0,0,406,18,22,28,23.3180722891566,6.4253450550836,4,46,140,193,7,13,20,19,0,371,0,133,276,234,181,394,8,0,2,4,58,286,42,64,286,42,38,39,40,38.7627551020408,2.67551951333088,0,41,127,73,158,45,370,193,210,396,7,0,99,38,96,27,58,2,5,8,0,58,410,1,3,1,0,221,194,20,19,0,371,0,37,333,45,3000,3300,3660,3276.56385542169,694.03670784081,31,264,72,12,394,8.80295566502463,1.16134920812594,0,414
2015,"MUNICIPIO",210232,1378,979,1032,27,392,414,289,171,69,14,1,1,1350,19,22,28,23.6734397677794,6.28291177053027,28,180,550,552,20,17,153,78,5,945,5,842,519,913,465,1357,19,0,5,18,122,1037,135,145,1037,135,38,39,41,39.0918754745634,2.55871522596438,9,632,178,121,266,164,1214,981,391,1323,31,3,317,52,496,78,176,13,12,19,3,134,1346,0,27,4,0,705,673,153,78,5,946,14,76,1149,151,3003.75,3350,3700,3343.00799418605,560.749517188339,65,967,208,20,1345,9.44175824175824,0.863320577489016,16,1311
2015,"MUNICIPIO",210235,210,180,195,2,59,59,45,32,8,5,0,0,208,19,24,28.75,24.2666666666667,6.25191517706216,3,23,78,98,1,7,17,0,0,191,1,152,56,131,79,203,6,0,2,4,17,172,14,23,172,14,38,39,40,38.7751196172249,2.72667610944447,0,39,23,26,116,205,5,112,97,197,11,1,32,37,34,36,35,2,8,6,1,18,202,1,2,5,0,120,90,17,0,0,191,1,20,178,12,2940,3295,3610,3256.6,570.994140192324,11,154,29,2,200,9.06435643564356,0.846894726805941,2,207
2015,"MUNICIPIO",210237,170,123,123,3,53,59,37,13,4,0,1,0,167,19,22,25,22.6882352941176,5.16730531366825,5,14,70,74,2,2,3,4,0,161,0,59,110,117,53,168,1,0,1,1,14,127,9,16,127,9,38,39,40,38.75,2.3024605324112,0,89,21,21,30,148,22,125,44,161,7,0,31,5,69,9,15,4,2,1,0,15,147,1,21,1,0,93,77,3,4,0,161,0,8,139,23,3000,3282,3615.5,3325.08235294118,571.269347798458,11,109,31,0,148,9.22972972972973,0.496170293821259,0,167
2015,"MUNICIPIO",210240,151,7,7,1,39,45,39,21,5,1,0,0,150,19,23,28,23.9139072847682,5.53406468743183,1,1,7,31,1,0,3,0,0,36,0,77,49,93,58,150,0,0,0,0,8,23,4,8,23,4,37,39,41,38.6571428571429,2.88956395186761,1,9,6,9,3,41,110,82,68,31,0,1,5,0,8,0,6,0,0,0,1,6,151,0,0,0,0,79,72,10,0,0,128,0,6,134,11,3000,3300,3596,3283.45695364238,499.123815435266,4,26,2,0,8,9,0.534522483824849,0,148
2015,"MUNICIPIO",210250,290,109,114,4,73,98,63,32,13,5,2,0,286,19,23,28,24,6.37143278308283,3,24,111,76,4,3,27,11,1,180,0,120,164,224,66,284,0,0,1,4,29,160,29,34,160,29,38,39,41,38.9820627802691,2.82996215802627,1,92,42,29,32,200,90,242,44,212,4,0,42,8,90,2,18,2,2,0,0,32,219,2,66,3,0,158,132,34,22,1,229,0,17,254,17,3000,3231.5,3525.5,3245.60416666667,535.208204219733,12,170,28,1,154,9.67741935483871,0.867415057190697,0,276
2015,"MUNICIPIO",210255,235,217,229,3,62,71,64,22,12,1,0,0,232,19,23,28,23.7744680851064,5.87950474995525,4,10,79,125,3,13,18,3,0,211,1,171,64,142,93,227,8,0,0,1,20,199,11,21,199,11,38,39,40,38.8528138528139,2.022692642511,0,36,19,23,157,231,4,105,130,223,12,0,69,16,60,16,40,1,7,8,0,14,231,1,2,1,0,122,113,18,3,0,211,1,11,211,13,2907.5,3240,3582.5,3230.09361702128,491.507535918898,13,182,24,1,231,9.69827586206897,0.606170687121755,0,233
2015,"MUNICIPIO",210260,310,214,221,5,92,110,63,31,6,2,1,0,305,19,22,26,22.8838709677419,5.45645289276826,3,23,111,125,2,6,42,20,1,247,0,85,223,217,93,302,5,0,1,1,21,235,16,23,235,16,38,39,40,38.8065693430657,2.0405667667602,0,88,29,16,143,66,244,244,64,301,7,0,70,3,142,3,25,1,4,5,0,21,269,0,41,0,0,151,159,42,20,1,247,0,14,262,31,3000,3200,3505,3227.27687296417,567.407104100446,27,190,45,0,279,9.69534050179212,0.566142896559629,0,309
2015,"MUNICIPIO",210270,292,174,192,7,108,84,55,19,14,5,0,0,285,18,21,26,22.5616438356164,6.3120161441478,7,31,124,112,5,12,7,3,0,274,0,204,82,181,111,282,10,1,4,2,28,224,26,35,224,26,38,39,40,38.7929824561404,2.95433911302707,0,113,31,33,95,137,155,172,120,275,9,1,87,5,99,2,39,4,3,10,1,30,287,0,5,0,0,159,133,7,3,0,274,0,19,261,12,2953,3286,3586.5,3230.08561643836,581.522332232551,14,218,33,5,211,9.51851851851852,1.04308559689326,2,290
2015,"MUNICIPIO",210275,180,125,129,3,53,55,36,22,10,1,0,0,177,19,22,28,23.6111111111111,6.21261007131462,3,22,49,84,3,17,5,2,0,163,0,54,113,114,66,178,1,0,0,5,24,128,10,29,128,10,38,39,40,38.5868263473054,2.65993366386628,0,43,28,22,59,165,15,90,89,170,3,0,45,5,52,5,24,1,2,1,0,26,179,0,1,0,0,87,93,5,2,0,163,0,18,146,16,2880,3310,3672.5,3264.72222222222,623.723456622727,15,109,35,3,164,9.50299401197605,1.1557830053196,1,178
2015,"MUNICIPIO",210280,342,288,307,5,98,107,64,45,18,5,0,0,337,18,22,28,23.6432748538012,6.43954050476458,9,42,138,126,3,22,37,11,0,291,1,222,113,211,131,333,8,1,1,6,32,257,22,40,257,22,38,39,40,38.6112852664577,2.68574115945671,0,101,71,52,107,179,163,212,128,329,9,0,63,35,97,15,54,2,6,8,0,37,334,2,4,2,0,191,151,37,11,0,291,1,23,294,24,2965,3290,3600,3240.4780058651,639.44409470268,22,227,50,8,330,8.92899408284024,1.01369825309746,2,340
2015,"MUNICIPIO",210290,505,114,117,12,178,168,100,38,4,4,0,1,492,18,21,25,22.0118811881188,5.26253769599124,0,7,62,80,1,2,5,2,0,496,1,29,475,287,218,505,0,0,2,4,38,286,24,44,286,24,38,39,40,38.6638418079096,2.43615192264395,0,142,57,35,137,17,488,340,164,495,5,0,114,2,133,2,53,1,4,0,0,41,500,0,4,1,0,283,222,5,2,0,496,1,33,441,31,2915,3230,3535,3218.8297029703,553.970605049438,27,265,48,0,504,9.00198412698413,0.0996815593097999,0,505
2015,"MUNICIPIO",210300,2700,1968,2061,34,604,769,648,419,179,45,2,0,2666,20,24,29,24.8188888888889,6.33446077859543,54,233,890,1081,145,261,58,23,4,2602,1,1792,899,1660,1040,2661,30,3,12,34,246,1956,213,295,1956,213,38,39,40,38.7820616883117,2.61743794100249,7,678,413,472,679,243,2457,1589,1111,2601,82,1,747,64,771,56,427,24,53,29,1,272,2593,84,18,5,0,1379,1320,58,23,4,2602,1,245,2277,174,2910,3245,3580,3208.29636498516,584.749272246738,206,1822,312,8,2678,9.01638123603872,0.533872827328302,5,2694
2015,"MUNICIPIO",210310,122,86,88,1,27,42,33,13,4,2,0,0,121,20,23,28,24,5.67144507653899,0,6,36,78,0,2,14,14,0,92,0,48,74,80,42,120,2,0,0,0,8,104,10,8,104,10,38,39,40,39.0327868852459,1.6309730717637,0,17,9,12,76,35,87,98,23,112,7,0,33,5,51,3,14,1,5,2,0,5,121,1,0,0,0,64,58,14,14,0,92,0,9,102,11,3000,3315,3590,3286.27868852459,525.808598276413,11,92,16,3,92,8.91578947368421,1.20868451346061,0,121
2015,"MUNICIPIO",210312,103,16,16,1,23,44,15,10,9,1,0,0,102,20,22,26.5,23.7572815533981,6.12366995469777,3,7,39,48,1,3,3,30,0,68,0,59,44,71,32,103,0,0,0,0,4,86,11,4,86,11,39,40,41,39.6039603960396,1.74973831140998,3,42,18,14,13,75,28,88,15,97,1,0,20,5,56,3,8,1,0,0,0,4,96,2,5,0,0,58,45,3,30,0,68,0,6,85,12,3107.5,3395,3700,3362.3786407767,540.939562361218,11,67,18,0,19,9.68421052631579,0.820069887194403,0,99
2015,"MUNICIPIO",210315,188,117,124,12,37,54,43,30,9,2,1,0,176,19,23,29,24.2074468085106,6.5866944045533,15,31,82,54,1,1,32,60,2,76,15,48,137,136,52,185,2,0,0,3,27,117,19,30,117,19,38,39,40,38.8313253012048,2.63689108545804,0,79,22,12,39,171,17,129,59,181,5,1,30,0,76,1,23,0,5,2,1,28,173,6,7,2,0,112,76,32,60,2,76,15,8,148,32,3000,3400,3700,3398.32446808511,559.827118116709,6,116,34,4,178,9.54395604395604,1.05941804010152,0,182
2015,"MUNICIPIO",210317,356,218,231,5,94,106,80,42,21,8,0,0,351,19,23,29,24.2612359550562,6.50735338256475,9,58,159,105,8,11,53,101,2,187,6,100,254,247,109,347,6,0,1,3,29,240,37,33,240,37,38,40,41,39.1967741935484,2.41288127204569,0,138,57,25,67,330,26,261,95,328,10,2,74,1,135,5,34,3,5,6,2,29,330,4,15,1,0,192,164,53,101,2,189,7,9,306,41,3037.5,3398,3650,3379.63764044944,489.893395289444,15,221,57,2,331,9.63663663663664,0.785855824312272,2,345
2015,"MUNICIPIO",210320,1592,1068,1116,17,404,454,417,193,83,23,1,0,1575,19,24,28,24.1802763819095,6.07119196623539,31,210,545,610,36,67,41,2,0,1523,1,1084,472,964,628,1576,15,0,4,13,154,1102,107,171,1102,107,38,39,40,38.8014492753623,2.39554776504185,43,412,221,163,529,108,1484,818,772,1551,29,5,463,15,443,29,228,11,16,15,5,154,1573,2,16,1,0,816,776,41,2,0,1523,1,106,1379,101,2990,3280,3590,3263.42812105927,532.949199646918,99,1015,203,40,1532,9.02735368956743,1.0762832381634,7,1569
2015,"MUNICIPIO",210325,174,146,150,1,49,53,40,18,10,3,0,0,173,19,23,28,23.9252873563218,6.14188158909965,1,11,60,82,6,11,12,1,0,159,0,131,40,116,58,173,0,0,1,3,21,134,9,25,134,9,38,39,40,38.7202380952381,2.65123538086825,1,38,31,24,67,161,13,94,80,172,0,0,23,27,40,27,25,0,0,0,0,25,169,0,2,3,0,99,75,12,1,0,159,0,10,147,16,3000,3260,3600,3274.39306358382,537.649445269051,4,132,27,0,161,9.22360248447205,0.670588876282472,2,172
2015,"MUNICIPIO",210330,2141,1900,1994,33,563,627,455,295,134,29,4,1,2107,19,23,29,24.2452125175152,6.41530964675079,89,264,752,863,61,79,75,38,4,2007,2,724,1398,1400,741,2111,30,2,10,19,234,1708,161,265,1708,161,38,39,40,38.7961574507966,2.43204197581033,39,1074,294,231,477,341,1800,1365,775,2110,22,1,399,236,492,375,335,11,7,30,1,240,2077,4,57,3,0,1116,1025,75,38,4,2007,2,173,1832,136,2915,3245,3550,3216.26062587576,555.128512767334,166,1629,241,56,2026,8.85782901056676,1.03933160311053,6,2127
2015,"MUNICIPIO",210340,892,780,814,5,231,266,193,126,51,19,1,0,887,19,23,28,24.3677130044843,6.38296960173091,22,129,361,320,18,28,18,3,23,843,0,703,186,576,316,871,21,0,4,5,65,774,37,74,774,37,38,39,40,38.8203389830508,2.12250223134502,0,256,94,81,412,106,786,587,303,827,53,5,219,42,338,42,102,18,29,21,5,63,889,0,3,0,0,450,442,18,3,23,843,0,75,758,59,2932,3253,3578.5,3231.89013452915,561.426551231607,67,678,106,31,859,8.87640449438202,1.02959824548772,1,889
2015,"MUNICIPIO",210350,789,739,748,8,251,233,149,113,21,12,0,2,779,19,22,27,23.4347275031686,6.21790117388002,8,80,294,360,14,33,160,80,4,545,0,628,157,519,270,779,10,1,2,4,50,716,15,57,716,15,38,39,40,38.8832487309645,1.91073303763342,5,294,143,124,198,49,740,279,510,762,23,1,199,37,205,48,217,8,11,10,1,49,777,3,9,0,0,404,385,160,80,4,545,0,56,706,27,2900,3190,3500,3185.37515842839,500.704918005713,69,655,52,9,770,8.94993581514763,0.867173033728066,3,783
2015,"MUNICIPIO",210355,254,188,203,3,98,69,49,22,8,4,1,0,251,18,22,26.75,22.7007874015748,6.24064828981356,7,23,102,75,5,7,12,14,0,188,2,67,187,153,101,247,4,0,0,2,21,196,25,23,196,25,38,40,40,39.2827868852459,2.28385612192864,0,64,42,30,79,217,37,137,114,211,6,0,80,7,68,3,30,2,2,4,0,20,220,6,26,2,0,134,120,21,15,0,212,2,12,225,16,2920,3210,3490,3214.96837944664,470.459888760648,15,188,24,7,221,9.04385964912281,1.11766237229887,1,252
2015,"MUNICIPIO",210360,1169,917,977,20,305,324,299,134,71,15,1,0,1149,19,23,28,24.0804106073567,6.24187426594009,43,163,446,459,10,44,62,17,4,1031,0,307,853,763,406,1142,24,0,7,14,137,900,86,158,900,86,38,39,40,38.7211538461538,2.63499035492284,2,375,141,122,482,45,1124,587,579,1075,29,2,281,29,413,21,155,11,13,23,2,142,1145,0,22,2,0,602,567,62,17,4,1031,0,75,1013,76,2920,3250,3565,3235.34364261168,525.662101877982,81,847,151,17,1122,9.19666374012291,0.774112861607764,6,1160
2015,"MUNICIPIO",210370,476,86,94,6,136,168,92,54,13,7,0,0,470,19,22,27,23.2857142857143,5.86068845554277,1,43,193,208,5,18,23,197,0,255,0,159,313,300,176,466,9,0,0,3,39,402,26,42,402,26,38,39,40,39.0468085106383,1.95850896941941,5,184,82,31,87,30,446,390,85,465,4,2,126,28,192,27,41,2,1,8,2,39,446,0,30,0,0,237,239,23,197,0,255,0,40,398,35,2910,3250,3550,3224.98097251586,553.707670128581,57,329,64,1,102,9.61165048543689,0.931296899950604,2,473
2015,"MUNICIPIO",210375,284,267,276,5,70,79,69,53,6,2,0,0,279,19,24,29,24.1021126760563,5.93308943899771,2,22,105,140,9,6,17,9,0,256,0,216,68,187,97,278,6,0,3,3,22,239,15,28,239,15,38,39,40,38.6843971631206,2.41651446550291,2,71,73,44,91,284,0,154,130,272,12,0,44,42,42,65,50,1,8,6,0,24,283,0,0,1,0,141,143,17,9,0,256,0,21,243,20,2942.5,3255,3552.5,3220.47887323944,572.114949510274,20,216,37,3,280,9.20494699646643,0.838169810916879,6,278
2015,"MUNICIPIO",210380,376,286,295,3,75,108,97,59,29,5,0,0,373,20,25,29,25.2127659574468,6.1969839381007,2,36,123,175,10,24,67,8,0,295,0,125,238,273,103,375,0,0,1,4,34,289,23,39,289,23,38,39,40,38.8119658119658,2.3173813691873,0,79,21,44,174,68,308,159,216,312,34,28,60,2,110,4,78,11,23,0,28,35,376,0,0,0,0,193,183,67,8,0,295,0,20,307,49,3078.75,3400,3750,3376.67287234043,548.899278588942,15,252,72,2,350,8.97159090909091,0.695356821007106,3,370
2015,"MUNICIPIO",210390,188,149,151,5,39,57,45,29,9,4,0,0,183,20,24,29,24.7712765957447,6.23564228650303,6,30,84,59,1,3,6,9,2,168,0,111,73,133,55,187,1,0,0,1,12,154,9,13,154,9,38,39.5,40,39.1363636363636,1.91643608626202,0,43,8,12,113,134,54,142,46,176,10,1,39,4,88,5,16,3,6,1,1,12,187,1,0,0,0,83,105,6,9,2,168,0,8,170,10,3026,3295,3523,3295.00531914894,441.670413297348,13,144,17,4,172,8.85795454545454,0.960502438864647,0,188
2015,"MUNICIPIO",210400,313,261,272,7,72,84,85,44,18,3,0,0,306,19,24,28,24.4536741214058,6.20834278301476,6,37,99,145,4,19,15,15,0,268,0,63,241,201,112,308,4,0,0,4,24,259,19,28,259,19,38,39,40,38.9084967320261,2.19495540004484,0,53,48,43,161,36,277,174,137,304,5,0,96,4,110,4,55,3,2,4,0,24,307,1,5,0,0,150,163,15,15,0,268,0,13,261,38,3100,3400,3700,3404.26282051282,514.513707437005,12,225,54,3,308,9.63022508038585,0.696710900020701,1,311
2015,"MUNICIPIO",210405,631,526,546,16,180,203,129,75,22,6,0,0,615,19,22,27,23.2361331220285,5.84832307600204,5,20,252,298,13,34,58,3,1,567,0,185,431,391,240,620,10,1,3,6,79,495,46,89,495,46,38,39,40,38.6095238095238,2.55743029101301,0,63,66,190,285,110,521,298,331,583,7,1,50,134,47,152,104,2,5,10,1,85,631,0,0,0,0,282,349,58,3,1,567,0,37,539,55,3000,3300,3645,3305.04437400951,544.248876248416,29,473,105,9,622,9.02218700475436,0.698853235192334,0,631
2015,"MUNICIPIO",210407,107,6,7,3,34,26,23,12,7,2,0,0,104,18,22,27.5,23.6448598130841,6.59795899895266,1,14,52,34,0,1,21,14,1,63,0,53,54,69,38,106,1,0,1,0,15,85,5,16,85,5,38,39,40,38.6415094339623,2.4926126253211,0,26,19,28,30,44,63,64,43,99,3,1,26,5,33,3,15,1,2,1,1,15,103,2,1,1,0,55,52,22,14,1,66,0,7,91,9,3000,3300,3500,3243.69158878505,571.176515214305,7,78,17,1,10,9.09090909090909,1.22102788293679,0,107
2015,"MUNICIPIO",210408,213,110,116,4,55,71,33,25,18,7,0,0,209,19,23,29,24.4413145539906,7.13168469337249,27,65,62,43,0,2,20,1,0,96,95,114,92,174,39,205,5,2,0,2,32,108,11,36,108,11,37,39,40,37.9677419354839,3.39483824153921,0,116,35,18,21,128,85,164,47,210,0,0,17,9,64,12,17,0,0,5,0,34,128,0,73,12,0,111,102,20,1,0,96,95,11,173,26,3000,3300,3638,3299.37619047619,586.895796530711,7,103,34,1,127,9.0625,0.63679809282348,2,209
2015,"MUNICIPIO",210409,287,165,175,5,81,88,68,27,16,2,0,0,282,19,23,27,23.5644599303136,6.00482250580198,0,58,87,115,9,10,67,28,1,184,0,155,132,184,103,281,5,0,0,3,23,225,29,26,225,29,38,39,40,39.1035714285714,2.20133262715598,1,111,25,30,89,47,240,136,150,272,4,2,70,11,88,10,61,3,1,5,2,21,286,1,0,0,0,151,135,71,28,1,187,0,14,240,33,3065,3400,3720,3359.77003484321,545.396695372026,17,199,50,1,207,9.66346153846154,0.787714567631866,1,284
2015,"MUNICIPIO",210410,210,116,122,3,63,56,55,26,6,1,0,0,207,19,23,27,23.4904761904762,5.86061420119256,3,20,79,99,2,5,55,7,0,144,0,152,55,129,81,208,1,0,1,3,24,167,15,28,167,15,38,39,40,38.7666666666667,2.58220508366374,2,47,45,65,50,105,105,121,88,209,0,0,63,7,79,8,24,0,0,1,0,27,210,0,0,0,0,106,104,55,7,0,144,0,10,179,21,3080,3300,3600,3335.35714285714,492.504089868553,8,150,43,1,127,9.09375,0.42440324013398,2,207
2015,"MUNICIPIO",210420,287,240,246,3,78,86,68,33,12,6,1,0,284,19,23,28,24.0104529616725,6.28155492784954,4,25,89,145,5,16,21,14,0,243,0,95,182,184,103,285,2,0,0,1,26,235,18,27,235,18,38,40,40,39.1821428571429,2.0387911189797,0,84,31,39,121,148,139,192,95,277,6,0,77,7,109,17,34,5,1,2,0,25,283,1,3,0,0,152,135,21,14,0,243,0,19,243,25,3000,3300,3623,3298.21254355401,544.388628778016,19,218,37,0,283,9.44876325088339,0.668456110309922,2,284
2015,"MUNICIPIO",210430,149,78,79,2,42,59,28,13,5,0,0,0,147,19,22,26,22.5637583892617,5.0555323558147,0,6,31,52,1,2,9,2,0,137,0,28,119,94,55,147,1,0,0,0,5,110,5,5,110,5,38,39,40,39.1083333333333,1.47697074345798,0,43,12,10,57,136,13,105,43,145,2,0,36,0,57,0,18,1,0,1,0,5,136,8,5,0,0,72,77,9,2,0,137,0,8,129,12,3000,3200,3500,3219.61744966443,557.884137410747,8,94,14,0,144,9.38888888888889,0.556099190114775,1,148
2015,"MUNICIPIO",210440,258,69,70,5,63,74,65,33,15,3,0,0,253,19,24,28,24.1317829457364,6.04828797844595,7,29,106,103,3,9,39,16,2,200,0,87,170,167,91,253,4,0,0,2,21,190,30,23,190,30,38,40,40,39.1934156378601,2.08091431849355,1,76,73,35,49,90,168,162,95,223,2,1,69,1,90,2,27,0,2,4,1,19,258,0,0,0,0,139,119,39,16,2,200,0,12,223,23,3003.75,3395,3650,3344.04651162791,534.072749827593,13,183,40,2,85,9.33333333333333,1.14796753323617,0,258
2015,"MUNICIPIO",210450,180,159,166,2,36,56,43,30,10,3,0,0,178,20,24,29,24.9277777777778,6.39398334116544,6,23,68,73,2,7,41,5,0,133,0,129,48,119,61,176,4,0,1,4,14,148,6,19,148,6,38,39,40,38.6127167630058,2.45310911303863,0,13,22,82,54,24,156,51,129,176,2,0,52,1,57,0,39,0,2,4,0,17,180,0,0,0,0,99,81,41,5,0,133,0,15,140,25,3050,3317.5,3661.25,3321.02222222222,595.428083697242,12,116,37,0,172,9.93604651162791,0.344518577809088,0,180
2015,"MUNICIPIO",210455,312,286,299,3,93,80,82,41,11,2,0,0,309,19,23,28,23.7596153846154,5.89756371134801,5,25,111,160,4,5,34,2,0,273,1,248,64,197,115,307,5,0,2,3,35,252,18,40,251,18,38,39,40,38.7508090614887,2.44936534168761,0,83,47,42,135,310,2,164,147,302,9,0,40,58,58,50,57,1,8,5,0,33,309,0,0,3,0,166,146,34,2,0,274,1,36,261,15,2840,3220,3540,3160.75641025641,574.728140645727,35,232,29,5,303,9.12012987012987,0.945683136920957,2,310
2015,"MUNICIPIO",210460,229,170,175,5,62,60,50,33,17,2,0,0,224,19,23,28,24.1310043668122,6.54004864412526,1,20,77,85,3,14,19,27,6,175,0,104,121,173,56,227,2,1,2,2,25,179,15,30,179,15,38,39,40,38.7544642857143,2.84541605689491,0,53,22,31,112,58,171,129,100,210,14,1,37,4,71,3,60,4,10,2,1,28,225,0,3,1,0,117,112,19,27,6,175,0,11,191,27,3000,3400,3700,3369.36681222707,556.805909630101,13,159,44,2,224,9.20796460176991,0.897467210708532,0,228
2015,"MUNICIPIO",210462,129,83,89,2,41,38,27,14,5,2,0,0,127,18,22,27,23.1472868217054,6.00143312987849,0,10,47,68,0,3,12,14,0,95,0,66,59,74,55,125,4,0,1,0,15,106,4,16,106,4,38,39,40,38.6349206349206,2.2542517147938,0,18,12,22,72,24,105,44,85,110,8,4,30,10,33,1,16,2,6,4,4,13,129,0,0,0,0,64,65,12,14,0,95,0,3,108,18,3150,3400,3700,3424.62015503876,464.980530402189,3,86,30,0,125,9.584,0.774430071396941,0,108
2015,"MUNICIPIO",210465,167,133,145,3,42,55,35,24,8,0,0,0,164,19,23,27,23.748502994012,5.81928509962986,1,20,75,59,5,5,11,6,1,148,0,75,91,77,90,160,6,0,2,6,13,117,16,21,117,16,38,39,40,38.5844155844156,2.9142456028969,0,62,47,23,29,161,6,100,66,155,3,7,61,4,41,1,16,2,1,6,7,16,163,0,4,0,0,82,85,11,6,1,148,0,17,141,9,2897.5,3200,3585,3179.80838323353,586.939026554849,11,115,16,6,157,8.53374233128834,1.15620819491436,3,164
2015,"MUNICIPIO",210467,553,365,382,16,166,151,113,76,23,6,2,0,537,18,23,28,23.5985533453888,6.261927581331,4,63,293,168,9,11,107,175,6,253,0,182,369,362,191,539,6,0,1,7,43,389,38,51,389,38,38,39,40,38.9686192468619,2.33671331505977,0,247,109,34,59,21,532,359,194,542,9,1,130,4,207,1,67,6,2,6,1,49,539,2,12,0,0,290,263,107,175,6,253,0,27,464,61,3000,3350,3700,3355.23007246377,542.792349791679,24,347,80,6,538,9.65441176470588,0.878460703543311,5,545
2015,"MUNICIPIO",210470,64,35,35,1,22,11,15,12,3,0,0,0,63,18,24,29,23.734375,6.34270531510693,0,4,21,22,1,2,4,5,0,39,0,31,30,37,27,64,0,0,0,1,6,46,3,7,46,3,39,40,41,39.3392857142857,2.33765061324621,0,20,6,3,15,51,13,35,29,46,2,0,13,0,10,0,10,1,1,0,0,7,63,1,0,0,0,38,26,4,7,0,50,0,9,51,4,2995,3252.5,3600,3216.484375,545.505211945698,4,49,3,0,58,9.31034482758621,0.598445253229673,0,60
2015,"MUNICIPIO",210480,1785,272,287,47,498,533,390,218,81,15,3,0,1738,19,22,28,23.5075630252101,6.13059243634783,67,252,663,617,35,80,164,29,3,1240,288,1380,370,1150,635,1760,25,0,7,13,128,1101,105,148,1100,105,38,39,40,38.9342202512934,2.36517284892662,1,38,89,68,148,67,1718,1077,708,1733,40,1,384,66,423,83,212,12,23,25,1,129,1764,0,20,1,0,879,906,164,29,3,1241,288,90,1523,171,3050,3350,3650,3336.55437219731,536.269608450621,64,983,222,12,1696,9.48653395784543,0.808815764828757,3,1782
2015,"MUNICIPIO",210490,137,26,26,3,34,43,35,14,7,1,0,0,134,19,23,27,23.7883211678832,5.70272207569011,1,4,39,85,0,6,6,25,0,98,0,54,82,102,35,137,0,0,1,2,6,116,10,9,116,10,38,39,40,39.0518518518519,2.51953122422181,2,48,27,14,31,78,59,105,32,131,1,1,19,9,70,5,18,0,1,0,1,9,136,0,1,0,0,68,69,6,25,0,98,0,7,115,15,3100,3310,3600,3326.89781021898,561.039440847385,5,110,18,12,25,8.02702702702703,2.30321618716194,0,132
2015,"MUNICIPIO",210500,543,341,353,8,146,197,112,55,17,7,1,0,535,19,22,27,23.2872928176796,5.8409393548419,10,61,242,213,5,4,6,6,0,527,0,411,130,393,150,535,8,0,1,2,22,355,51,25,355,51,38,39,41,39.3457076566125,2.02742221435665,0,142,91,114,184,106,437,430,113,523,15,4,95,13,230,23,32,3,7,7,4,22,460,1,81,1,0,276,267,6,6,0,527,0,32,478,32,2956.25,3227.5,3590,3242.37638376384,515.946495273183,44,330,40,1,460,9.32104121475054,0.583255295391306,1,540
2015,"MUNICIPIO",210510,393,202,216,7,107,117,97,41,20,4,0,0,386,19,23,27,23.6590330788804,6.01153449810131,5,38,131,196,8,10,5,10,0,347,0,109,263,259,134,386,3,0,1,9,39,255,43,49,255,43,38,39,40,38.7982708933718,2.83448977095787,1,128,49,52,70,105,288,299,86,370,5,1,91,5,152,2,29,2,3,3,1,46,342,1,49,1,0,211,182,5,10,0,347,0,29,335,24,2900,3210,3550,3204.44072164948,585.907824140574,29,251,41,5,337,9.04093567251462,0.991794635978342,6,342
2015,"MUNICIPIO",210515,229,179,185,4,52,71,53,40,8,0,1,0,225,20,24,28,24.3100436681223,5.75942663583132,4,21,65,122,7,8,19,6,1,198,1,70,158,153,76,226,3,0,2,2,22,173,10,26,173,10,38,39,40,38.6172248803828,2.47038029464033,0,83,51,34,46,212,17,144,84,223,5,0,54,5,78,8,33,3,1,3,0,23,226,0,3,0,0,125,104,19,6,1,198,1,23,191,15,3000,3340,3665,3267.96069868996,607.055817855732,16,159,28,2,222,9.75,0.757621958096605,0,227
2015,"MUNICIPIO",210520,166,149,152,2,45,48,42,16,10,3,0,0,164,19,23,28,24.0722891566265,6.21002734104189,2,16,52,84,5,7,18,9,0,137,0,61,104,101,65,166,0,0,0,3,19,137,6,22,137,6,38,39,40,38.8,2.32483935977961,1,50,45,25,38,87,79,77,89,161,1,1,48,10,40,6,34,0,1,0,1,22,165,1,0,0,0,89,77,18,9,0,137,0,13,135,18,3047,3337.5,3600,3335.15662650602,590.178246971411,11,121,30,3,163,9.42771084337349,1.33628279106628,3,161
2015,"MUNICIPIO",210530,5248,4822,5004,44,942,1395,1344,1028,408,78,8,1,5203,21,25,30,25.7637195121951,6.30138510182259,15,183,1236,2851,295,653,679,70,2,4468,9,3302,1939,3203,2045,5160,81,3,25,61,523,4319,242,612,4319,242,38,39,40,38.6048714479026,2.37487970304339,5,1184,847,662,2446,54,5194,2189,3055,5079,146,8,786,936,701,849,1130,50,79,79,8,537,5229,1,11,7,0,2674,2572,679,70,2,4470,9,405,4584,258,2930,3240,3542.5,3205.00381170192,551.577197557492,366,4014,593,45,5174,9.15041195631347,0.851455432674971,51,5187
2015,"MUNICIPIO",210535,266,162,170,4,66,83,55,33,16,8,1,0,262,19,23,28,24.3609022556391,6.8015962009646,22,50,106,73,2,10,15,8,0,207,32,193,73,174,92,264,2,0,0,4,18,191,26,22,191,26,38,39,40,39.092050209205,2.39570246833704,0,32,42,68,42,74,192,183,82,259,7,0,65,10,92,8,37,3,4,2,0,18,259,0,6,1,0,118,148,15,8,0,207,32,17,229,20,3058.75,3310,3677.5,3299.1992481203,589.277057687141,11,177,36,4,250,9.37795275590551,0.88401825905586,2,264
2015,"MUNICIPIO",210540,1262,160,168,14,316,403,306,153,58,10,2,0,1248,19,23,28,23.9270998415214,5.85912419975209,7,94,357,722,18,50,105,32,1,1084,2,850,384,829,433,1241,16,2,8,18,132,922,110,160,922,110,38,39,40,38.8137583892617,2.77276159332425,4,421,186,171,379,108,1154,727,530,1149,23,0,311,18,403,18,184,6,15,16,0,144,1255,2,5,0,0,663,599,106,32,1,1084,2,99,1089,74,2940,3250,3570,3217.21632329635,558.05360165363,98,884,144,8,201,9.20095693779904,1.33654226783655,5,1240
2015,"MUNICIPIO",210542,363,344,355,11,93,110,83,45,18,3,0,0,352,19,23,28,23.8044077134986,6.11697957180905,1,28,168,146,8,12,17,27,0,319,0,292,70,232,131,358,5,0,2,3,31,307,18,36,307,18,38,39,40,38.797783933518,2.26583209338376,2,95,59,43,160,136,227,215,147,355,8,0,90,24,126,13,62,2,5,5,0,34,363,0,0,0,0,193,170,17,27,0,319,0,31,310,22,2900,3200,3550,3176.90633608815,590.723834512711,39,266,45,5,358,9.46556473829201,1.03571519479055,7,354
2015,"MUNICIPIO",210545,152,140,140,1,39,44,34,17,13,3,1,0,151,19,23,29,24.6184210526316,6.76858169431872,2,18,47,75,1,9,28,11,0,113,0,104,48,99,53,150,2,0,0,0,9,138,4,9,138,4,38,40,40,39.2516556291391,1.57572646969097,0,34,36,22,48,151,1,51,101,149,2,1,44,5,39,4,45,1,1,2,1,9,151,0,1,0,0,87,65,28,11,0,113,0,8,134,10,2999,3252,3600.5,3290.35526315789,474.359566974318,9,126,14,0,152,9.01315789473684,0.597864213085424,0,151
2015,"MUNICIPIO",210547,374,176,182,13,89,101,65,64,30,9,3,0,361,19,23,30,24.9598930481283,7.43991092146685,87,84,99,71,2,7,31,1,1,102,209,240,107,281,93,357,0,0,0,4,29,154,19,33,154,19,37,39,40,38.5631067961165,2.72179963031141,1,194,48,26,34,273,101,248,107,350,2,0,28,19,66,20,38,0,2,0,0,32,279,0,41,47,0,176,198,31,1,1,102,209,23,324,20,2948,3250,3595,3243.62397820164,536.130836197505,10,142,46,0,277,9.2057761732852,0.508160786073359,1,353
2015,"MUNICIPIO",210550,531,457,480,13,149,154,115,57,34,7,2,0,518,19,23,28,23.8418079096045,6.4898631936633,6,32,182,273,15,21,53,12,1,460,1,369,160,331,200,523,5,1,5,8,59,408,35,73,408,35,38,39,40,38.5736434108527,2.76742547996516,0,131,132,75,165,442,89,300,230,516,12,0,70,96,96,86,82,3,8,5,0,66,529,1,0,1,0,261,270,53,12,1,460,1,46,462,23,2902.5,3225,3530,3169.65348399247,590.702239968562,40,397,53,6,521,9.09677419354839,0.914671829334646,0,528
2015,"MUNICIPIO",210560,270,216,228,1,63,92,66,32,14,2,0,0,269,20,23,28,23.962962962963,5.75963057392274,6,22,98,130,4,8,31,11,0,223,0,87,176,171,99,265,5,0,0,3,20,221,22,23,221,22,38,39,40,39.0751879699248,2.15660130988947,0,53,47,39,120,111,159,148,122,263,2,3,72,12,100,9,40,1,1,5,3,21,267,0,2,1,0,138,132,31,11,0,223,0,15,227,28,3085,3400,3700,3349.45185185185,493.894435367033,16,191,45,4,243,9.33603238866397,1.13178273601798,1,266
2015,"MUNICIPIO",210565,138,102,107,2,37,45,30,18,4,0,2,0,136,19,23,28,23.8260869565217,6.14058301456846,2,15,56,50,2,4,21,35,1,73,0,38,100,87,51,135,2,0,1,1,18,102,11,18,99,11,38,39,41,39.0546875,2.44404657915973,0,58,15,12,28,131,7,97,41,126,5,0,35,2,52,1,14,1,4,2,0,15,129,4,5,0,0,70,67,21,35,1,79,0,11,110,17,3100,3400,3737.5,3368.22463768116,617.803916381713,7,97,17,3,128,9.61832061068702,0.872291546773171,2,136
2015,"MUNICIPIO",210570,818,727,768,19,210,237,186,125,32,8,1,0,799,19,23,28,23.9205378973105,6.14112239643827,12,97,291,366,16,30,28,5,0,774,0,198,607,503,315,797,21,0,3,6,75,668,55,84,668,55,38,39,40,38.9219330855019,2.25432635737191,0,55,31,19,699,117,701,442,374,796,19,1,252,8,341,6,95,5,7,21,1,71,809,9,0,0,0,431,387,28,5,0,774,0,37,712,69,3000,3350,3650,3323.03667481663,527.404184363294,44,603,112,10,807,9.65238678090575,0.812945086068116,1,816
2015,"MUNICIPIO",210580,190,164,171,2,44,58,41,29,12,4,0,0,188,20,24,29,24.7315789473684,6.30415606858845,6,19,72,82,2,7,22,5,0,160,1,43,145,122,68,188,2,0,1,0,19,151,17,20,151,17,38,39,40,39.1117021276596,2.22606611521317,0,45,21,17,102,64,126,92,96,176,7,1,44,9,65,13,22,2,5,2,1,19,190,0,0,0,0,100,90,22,5,0,160,1,14,157,19,2995,3277.5,3635,3285.73684210526,560.495797350094,13,137,29,5,183,9.60106382978723,0.962060476030657,0,189
2015,"MUNICIPIO",210590,240,223,227,4,63,77,66,24,4,1,0,1,235,19,22,27.25,23.3541666666667,5.66014320136621,1,21,93,117,1,7,11,13,1,213,1,80,160,164,76,240,0,0,0,2,16,203,18,18,203,18,39,39,40,39.2426778242678,1.90082322523211,0,59,39,50,83,205,35,142,98,237,3,0,65,6,108,8,31,1,2,0,0,18,231,5,4,0,0,122,118,11,13,1,213,1,17,214,9,2930,3288.5,3530.75,3233.02083333333,478.64362445292,28,182,24,5,233,8.95798319327731,0.84588812322666,2,236
2015,"MUNICIPIO",210592,154,135,140,1,32,47,40,23,10,1,0,0,153,20,24,29,24.7662337662338,6.048596453402,3,16,48,73,2,11,7,5,1,140,1,39,114,90,64,148,6,0,0,2,4,142,6,6,142,6,39,39,40,39.3701298701299,1.69563568468595,0,10,12,8,117,154,0,128,26,149,3,0,56,2,62,4,16,1,1,6,0,4,154,0,0,0,0,73,81,7,5,1,140,1,9,127,18,3100,3400,3700,3346.49350649351,591.05034728816,6,118,23,0,152,9.36842105263158,0.548136041100977,0,153
2015,"MUNICIPIO",210594,133,109,117,4,30,33,31,25,8,2,0,0,129,19,24,30,24.9248120300752,6.66699702986418,5,11,39,68,1,7,12,1,0,118,0,28,100,79,54,129,4,0,1,1,11,106,9,13,106,9,38,39,40,38.9765625,2.63968753743234,0,18,18,13,81,61,72,75,58,129,2,2,45,2,44,0,19,0,2,4,2,11,133,0,0,0,0,69,64,12,1,0,118,0,3,123,7,3070,3360,3600,3335.24812030075,415.195926842852,6,99,15,1,132,9.57894736842105,0.618043421978873,0,133
2015,"MUNICIPIO",210596,201,159,167,6,55,47,44,29,11,8,1,0,195,19,23,29,24.5223880597015,7.34103168966438,8,51,74,61,0,4,8,5,0,183,0,67,129,133,68,195,5,0,0,2,17,147,17,19,147,17,38,39,40,39.1967213114754,2.08199771034024,0,15,15,6,144,179,22,128,71,197,1,1,52,0,94,2,14,0,1,5,1,15,185,15,1,0,0,97,104,8,5,0,183,0,12,171,18,3000,3450,3700,3345.92039800995,573.462129204572,10,138,26,2,191,9.66321243523316,0.718464828536902,0,201
2015,"MUNICIPIO",210598,94,87,92,1,33,32,14,10,4,0,0,0,93,18,22,25,22.7021276595745,5.70950873964161,0,10,34,49,0,1,11,2,0,81,0,73,21,46,48,94,0,0,0,0,9,78,7,9,78,7,38,39,40,39.0425531914894,2.17470746329332,0,30,8,8,46,93,1,47,47,91,2,1,30,12,20,7,14,1,1,0,1,8,93,0,1,0,0,49,45,11,2,0,81,0,2,87,5,2971.25,3330,3550,3292.1170212766,427.955752319933,6,70,13,1,93,9.70212765957447,0.852949181433714,0,94
2015,"MUNICIPIO",210600,191,154,163,3,57,57,43,19,10,2,0,0,188,19,23,27,23.3821989528796,5.9855525517435,1,14,66,92,3,10,21,23,1,138,0,99,86,114,77,186,4,0,1,0,17,152,18,18,152,18,39,39,40,39.2234042553191,2.32472989780228,1,65,22,28,63,51,140,82,108,182,7,1,38,29,44,14,35,3,4,4,1,16,190,1,0,0,0,102,89,21,23,1,138,0,14,165,12,2975,3380,3645,3269.6335078534,591.71316995897,13,136,27,2,188,9.50526315789474,0.7951397895206,2,189
2015,"MUNICIPIO",210610,179,6,6,3,59,61,31,13,10,1,1,0,176,18.5,22,26,22.9162011173184,6.15608907330179,1,12,65,85,5,9,36,28,0,113,0,110,65,24,155,178,0,1,1,2,11,144,20,15,144,20,38,39,40.5,39.1787709497207,2.83068988455502,1,32,7,14,123,33,146,101,77,172,3,0,128,8,15,1,5,3,0,0,0,15,177,2,0,0,0,103,76,36,28,0,113,0,8,158,13,3025,3355,3600,3312.7094972067,473.54870478988,13,130,20,0,6,8.16666666666667,0.752772652709081,3,175
2015,"MUNICIPIO",210620,121,22,22,1,40,40,20,14,3,3,0,0,120,19,22,26,23.1735537190083,6.00788049974145,0,3,14,20,1,1,0,0,0,96,0,18,94,80,41,119,0,0,0,1,7,55,9,8,55,9,38,39,41,39.1388888888889,2.27234169442292,0,18,11,5,32,89,32,87,34,97,0,0,23,0,23,0,11,0,0,0,0,8,119,0,2,0,0,60,60,3,1,0,105,0,8,105,8,2975,3200,3575,3190.7520661157,668.572263371629,4,56,9,0,97,9.02061855670103,0.203069233026724,0,95
2015,"MUNICIPIO",210630,242,223,225,5,82,61,44,34,11,4,1,0,237,18,22,29,23.5082644628099,6.66896057490867,2,30,92,113,1,2,24,9,0,207,0,101,141,149,93,241,0,0,1,1,14,208,15,16,208,15,38,39,40,39.1171548117155,2.07902658346548,0,65,41,43,82,30,212,135,106,230,10,0,64,16,67,23,41,5,5,0,0,16,239,1,2,0,0,118,124,24,9,0,207,0,11,214,17,3000,3250,3600,3279.32644628099,483.056310604369,15,190,31,4,237,9.05394190871369,0.966735820486311,0,242
2015,"MUNICIPIO",210632,391,267,292,7,124,93,89,49,22,7,0,0,384,18.5,23,28,23.9028132992327,6.41198935196159,7,52,198,109,10,8,72,142,2,166,0,116,274,267,124,378,6,1,2,4,43,253,54,50,253,54,38,39,41,38.9663865546218,3.08839647798206,1,194,47,24,65,385,6,290,99,370,12,0,89,1,157,2,38,4,7,6,0,43,385,0,6,0,0,196,195,72,142,2,167,0,16,321,51,3000,3400,3700,3381.80927835052,536.188707878416,18,236,64,1,386,9.70801033591731,0.615021731699653,1,388
2015,"MUNICIPIO",210635,120,93,98,3,41,38,19,13,3,2,1,0,117,18,21,26,22.9416666666667,6.36864144363105,2,27,64,19,0,3,3,3,0,109,0,46,74,80,40,118,2,0,1,2,14,93,8,17,93,8,38,39,40.75,38.7542372881356,2.87915123021716,0,29,16,7,57,109,11,93,27,113,1,1,36,0,49,1,9,0,0,2,1,15,109,2,8,1,0,67,53,3,3,0,114,0,7,104,9,3000,3300,3600,3299.625,556.186430604195,8,84,20,2,105,9.47663551401869,0.924976230112983,0,120
2015,"MUNICIPIO",210637,203,129,133,4,54,53,61,21,6,3,1,0,199,19,24,28,23.9261083743842,6.21475871368993,13,17,93,65,5,7,38,41,0,107,13,63,134,144,59,200,2,2,0,6,23,143,11,31,143,11,38,39,40,38.4810810810811,3.29375544202486,0,103,15,11,44,155,48,134,68,188,11,2,39,2,67,1,32,2,8,2,2,27,189,0,12,2,0,105,98,38,41,0,107,13,10,173,20,3000,3400,3700,3321.79310344828,621.449548346703,13,130,33,3,179,9.51648351648352,0.995710550173489,1,195
2015,"MUNICIPIO",210640,335,147,157,5,87,89,80,54,16,4,0,0,330,19,24,29,24.4059701492537,6.21731888123511,5,56,113,135,0,12,2,0,0,331,0,123,211,215,120,328,7,1,0,2,27,254,26,30,254,26,38,39,40,38.7806451612903,2.43031279764437,4,50,23,20,90,128,207,203,132,322,11,2,86,5,129,3,40,3,7,7,2,30,334,0,0,1,0,184,151,2,0,0,331,0,21,287,27,2982,3296,3622.5,3295.08955223881,568.088088053887,22,218,50,2,317,9.27272727272727,0.767403379845641,2,332
2015,"MUNICIPIO",210650,398,41,43,8,101,126,88,48,21,6,0,0,390,19,23,28,24.0025125628141,6.17237640191726,2,11,128,239,6,7,23,72,0,301,0,338,57,255,143,394,4,0,1,3,40,327,21,44,327,21,38,39,40,38.9132653061224,2.17815885813548,0,53,136,57,139,70,328,268,130,390,5,0,118,3,180,5,35,1,4,4,0,39,389,0,9,0,0,184,214,24,72,0,301,0,35,347,16,2900,3200,3500,3168.63819095477,516.106812162412,41,306,36,2,56,9.20689655172414,1.54191292322067,2,393
2015,"MUNICIPIO",210660,540,392,412,7,136,159,130,70,28,10,0,0,533,19,23,28,24.2037037037037,6.13569388935615,12,93,221,182,12,19,23,23,2,480,0,191,343,349,191,528,11,1,4,3,67,404,33,75,404,33,38,39,40,38.56640625,2.73405077404012,7,159,80,62,166,353,187,353,186,513,18,0,133,12,182,18,70,7,10,11,0,66,522,2,15,1,0,268,272,23,23,2,480,0,57,444,39,2850,3200,3540,3180.34074074074,590.821668192805,41,372,73,5,488,9.59229208924949,0.787414610080992,1,537
2015,"MUNICIPIO",210663,114,37,37,2,38,32,23,11,6,2,0,0,112,18,22,27,23.4122807017544,6.3340789239095,1,4,29,46,1,6,4,1,0,79,0,72,40,73,41,112,2,1,0,0,17,84,7,18,84,7,38,40,41,39.1192660550459,2.88907511357746,0,35,6,10,30,109,5,72,42,81,0,0,21,0,25,2,13,0,0,2,0,14,109,0,5,0,0,63,51,9,2,0,100,0,8,98,8,3000,3190,3537.5,3249.00877192982,459.369643042421,8,84,12,1,66,9.58208955223881,1.08919283056854,1,113
2015,"MUNICIPIO",210667,93,79,82,0,24,32,22,8,6,0,1,0,93,19,23,28,24.1182795698925,6.38246487475747,3,13,43,29,2,1,6,0,0,86,0,58,35,51,42,93,0,0,0,0,7,73,9,7,73,9,38,39,40,39.3033707865169,1.86111216982812,1,24,11,19,32,39,54,54,39,87,5,1,33,4,27,1,11,1,4,0,1,7,91,0,2,0,0,46,47,6,0,0,86,0,6,80,7,3000,3255,3630,3259.03225806452,691.57635705955,8,66,12,2,90,8.6195652173913,0.796177561845137,0,93
2015,"MUNICIPIO",210670,329,290,302,7,99,100,75,30,12,5,1,0,322,19,22,27,23.2370820668693,6.09065347498861,7,43,120,142,8,8,29,16,0,277,0,138,186,207,122,323,5,0,2,2,28,271,25,32,271,25,38,39,40,39.0457317073171,2.38003547913206,0,76,65,39,138,149,180,147,182,321,7,1,97,11,103,6,72,2,3,5,1,27,324,0,5,0,0,164,165,29,16,0,277,0,16,298,15,3000,3290,3540,3242.40729483283,533.592362403095,20,260,34,5,318,8.43653250773994,0.855106902634842,0,327
2015,"MUNICIPIO",210675,341,26,26,3,85,118,82,39,13,1,0,0,338,19,23,27,23.7038123167155,5.525631463512,0,5,33,54,2,6,14,0,0,80,1,186,152,208,133,336,5,0,0,3,17,305,14,20,305,14,41,41,41,40.2271386430678,1.89792032280787,1,28,18,8,37,101,240,127,213,95,2,0,25,3,20,3,24,1,1,5,0,20,341,0,0,0,0,190,151,106,1,0,225,1,18,301,22,2990,3270,3550,3261.28152492669,542.490897114215,32,270,26,3,269,9.68014705882353,0.766389903266579,2,335
2015,"MUNICIPIO",210680,235,9,9,3,60,74,63,23,11,1,0,0,232,19,24,28,23.9404255319149,5.73308211936472,1,10,72,126,4,6,15,10,0,135,0,109,119,161,74,229,3,0,0,0,20,187,21,20,187,21,38,39,41,39.1885964912281,2.02069725707374,0,75,36,29,64,37,198,191,44,50,0,0,14,2,14,5,11,0,0,3,0,3,226,1,7,0,0,125,110,16,10,0,142,0,7,181,47,3145,3450,3800,3475.74468085106,493.896052425941,9,157,51,2,13,8.53333333333333,1.55226409142382,0,137
2015,"MUNICIPIO",210690,678,465,496,12,186,232,145,69,25,9,0,0,666,19,22,27,23.2935103244838,5.91827545910038,12,68,278,295,13,7,17,85,0,570,0,300,378,462,216,667,7,0,1,11,97,407,58,109,405,58,37,39,40,38.6206293706294,2.76032580548217,3,271,156,80,99,43,635,489,187,662,6,1,123,12,221,13,80,5,1,7,1,103,622,0,56,0,0,353,325,18,85,0,571,0,41,609,28,2885,3180,3490,3179.12241887906,488.1866074783,56,402,78,2,639,9.83619344773791,0.512042954760146,0,677
2015,"MUNICIPIO",210700,180,154,166,5,62,47,35,21,7,3,0,0,175,18,22,27,23.15,6.24050116165387,1,27,68,78,1,3,9,2,0,152,15,153,27,120,60,176,2,0,0,1,17,138,19,18,138,19,38,39,40,39.0228571428571,2.46575228247993,0,49,34,27,64,175,5,99,78,171,5,0,19,35,37,34,24,2,2,2,0,16,175,1,2,2,0,90,90,9,2,0,152,16,9,154,17,3010,3377.5,3635,3321.12222222222,537.454362418043,10,125,27,2,174,9.09659090909091,0.832750878699042,2,178
2015,"MUNICIPIO",210710,384,278,283,5,124,120,66,49,14,6,0,0,379,19,22,27,23.40625,6.14758119663259,10,57,149,152,7,8,10,8,0,364,0,121,260,235,149,379,5,0,3,0,35,275,19,38,275,19,38,39,40,38.7018072289157,2.23098132910693,0,190,89,30,49,32,352,272,112,367,16,1,83,20,125,14,39,10,6,5,1,32,343,0,40,1,0,200,184,10,8,0,364,0,26,323,35,2933.5,3300,3600,3267.98697916667,575.904421952351,29,244,53,7,329,9.10416666666667,1.11080737971345,1,381
2015,"MUNICIPIO",210720,206,97,100,5,64,49,43,13,27,4,1,0,201,18,23,28,24.2912621359223,7.37117797510721,7,37,72,79,2,9,4,3,0,197,0,158,47,143,63,203,2,0,0,1,20,163,17,21,163,17,39,40,41,39.2935323383085,2.13504284739183,0,87,22,21,71,108,98,155,50,193,7,0,45,10,89,11,16,0,7,2,0,17,203,0,3,0,0,109,97,4,3,0,197,0,14,172,20,3057.5,3325,3600,3304.78640776699,519.767061344072,14,155,25,2,103,8.99047619047619,0.700209283209699,0,205
2015,"MUNICIPIO",210725,107,48,50,3,28,39,23,11,2,1,0,0,104,18.5,22,27,22.9345794392523,5.67561986979094,0,20,48,38,0,1,17,2,0,87,0,74,25,74,33,106,0,0,0,0,7,95,5,7,95,5,38,39,40,39.1401869158879,1.63365892222545,0,14,15,16,59,44,63,44,62,104,2,0,28,5,40,4,20,0,2,0,0,7,107,0,0,0,0,56,51,17,2,0,87,0,8,88,11,3100,3320,3652.5,3327.53271028037,537.844533154769,10,77,17,1,65,9.40909090909091,0.722756959411407,0,104
2015,"MUNICIPIO",210730,39,16,16,0,10,9,11,2,4,3,0,0,39,19.5,25,29,25.5897435897436,7.23921320498716,0,4,14,20,0,1,4,4,0,30,0,15,22,25,14,39,0,0,0,1,5,30,3,6,30,3,38,39,40,38.8205128205128,2.23455865030959,0,9,7,7,13,39,0,22,17,39,0,0,10,1,14,1,7,0,0,0,0,6,39,0,0,0,0,13,26,4,4,0,30,0,4,33,2,2825,3200,3512,3146.69230769231,663.158040774998,3,32,3,1,19,9.2,1.39924791829115,0,36
2015,"MUNICIPIO",210735,310,244,256,3,92,114,46,38,14,3,0,0,307,19,21.5,27,23.0838709677419,5.9359633879026,6,42,118,120,6,14,20,29,1,255,3,101,209,185,125,300,8,0,2,9,24,215,26,35,215,26,38,39,40,38.6992753623188,2.73963491600446,1,131,73,41,51,87,223,211,97,290,13,2,81,6,107,5,25,5,7,8,2,27,299,0,11,0,0,159,151,20,29,1,255,3,26,271,13,2946.25,3218,3543.75,3207.97096774194,500.771478409121,21,203,34,4,301,8.38360655737705,0.743653040532816,0,308
2015,"MUNICIPIO",210740,280,175,180,6,77,77,63,35,20,2,0,0,274,19,23,28,23.8928571428571,6.4848280926872,5,26,105,108,8,12,41,3,0,220,0,86,177,164,116,273,4,0,1,1,18,201,6,20,201,6,38,39,40,38.6167400881057,2.11783031783846,0,57,83,43,69,59,221,90,187,274,2,1,49,38,45,10,61,0,2,4,1,18,278,1,1,0,0,142,138,41,3,0,220,0,14,245,21,3037.5,3332.5,3600,3301.09642857143,581.895113029697,12,182,27,1,257,9.03875968992248,0.527870706596221,1,274
2015,"MUNICIPIO",210745,196,21,23,4,41,76,47,23,5,0,0,0,192,20,23,27,23.5357142857143,5.30638222404797,0,7,67,116,0,4,11,10,0,172,0,169,26,134,62,196,0,0,1,1,15,150,22,17,150,22,38,39,40,39.2222222222222,2.33915181330194,0,62,44,34,49,37,159,123,73,193,2,0,48,0,92,2,29,1,1,0,0,16,193,0,3,0,0,112,84,11,10,0,172,0,11,169,15,3000,3300,3600,3286.88717948718,499.020192130914,13,139,26,3,33,9.22222222222222,1.31172974374866,0,187
2015,"MUNICIPIO",210750,1775,1294,1322,20,351,467,463,304,143,27,0,0,1755,20,25,30,25.4056338028169,6.26500200249794,4,50,396,1098,96,113,109,46,4,1393,1,616,1135,1069,706,1747,25,0,9,22,190,1414,79,221,1414,79,38,39,40,38.6312718786464,2.32790175426874,3,507,305,230,627,1766,9,946,827,1710,49,1,442,125,480,83,301,20,24,24,1,201,1761,1,9,4,0,951,824,109,46,4,1393,1,139,1518,118,2915,3240,3547.5,3208.07887323944,572.765401013804,140,1322,206,22,1722,9.09862385321101,0.783154798534008,10,1693
2015,"MUNICIPIO",210760,309,98,102,7,91,107,52,38,10,2,1,1,301,19,22,26,23.0064724919094,6.05654820443542,0,10,59,74,2,3,13,11,0,120,0,130,165,203,106,305,4,0,1,5,27,189,29,33,189,29,39,41,41,39.4741035856574,2.81039618083058,0,39,35,22,44,85,224,244,65,148,4,0,39,5,52,3,9,1,3,4,0,23,299,3,7,0,0,160,149,40,13,1,245,0,33,261,15,2885,3200,3505,3149.68608414239,673.677667129345,32,189,24,5,252,9.14396887159533,1.06373669158643,0,175
2015,"MUNICIPIO",210770,344,305,313,5,101,91,82,44,18,3,0,0,339,19,23,28.25,23.7761627906977,6.16293929885816,6,33,141,146,2,15,59,71,0,209,0,129,210,221,123,341,3,0,0,4,24,291,22,28,291,22,38,39,40,39.0087976539589,2.032799870823,2,90,31,36,173,113,231,143,201,334,8,0,94,18,103,13,76,0,8,3,0,24,341,2,0,1,0,182,162,59,71,0,209,0,23,280,41,3068,3400,3700,3354.33139534884,645.781060798996,22,250,60,5,337,9.07017543859649,1.0780614042894,3,336
2015,"MUNICIPIO",210780,486,297,307,7,114,133,116,72,32,11,1,0,479,20,24,29,24.7345679012346,6.50594640916178,17,73,179,185,12,14,31,46,1,398,0,152,325,346,140,480,5,0,3,1,49,401,27,53,401,27,38,39,40,38.8503118503118,2.21792999082781,4,183,57,58,123,349,137,314,170,461,15,1,102,8,211,9,76,4,7,5,1,51,469,3,12,2,0,247,239,31,46,1,398,0,34,414,38,2980,3275,3600,3260.27777777778,557.121474288509,33,372,61,2,378,9.5921052631579,0.707622120490578,1,481
2015,"MUNICIPIO",210790,354,339,347,9,102,106,66,44,22,4,1,0,345,18,22,27.75,23.5536723163842,6.62330853408212,22,50,157,114,3,8,9,7,0,338,0,112,242,223,131,345,9,0,1,2,7,325,17,10,325,17,39,39,40,39.3494318181818,1.67605890869726,0,20,28,11,291,44,310,322,32,350,4,0,117,5,173,1,38,0,3,9,0,6,353,0,1,0,0,183,171,9,7,0,338,0,23,301,30,3000,3300,3650,3285.09322033898,569.307575859696,33,263,46,1,353,9.14689265536723,0.583924356545321,0,354
2015,"MUNICIPIO",210800,305,19,19,3,88,95,51,40,14,12,2,0,302,19,23,28,24.1737704918033,6.94380407362868,4,23,90,166,5,13,13,6,0,279,1,101,201,207,98,304,1,0,0,2,29,253,17,31,253,17,38,39,40,39.0099667774086,2.08244255596465,1,88,45,31,123,27,278,165,140,298,4,1,81,4,121,2,55,0,4,1,1,30,304,1,0,0,0,152,153,13,6,0,279,1,22,261,22,2950,3200,3600,3242.49508196721,579.292684189949,27,230,38,1,26,9.18518518518519,1.24149528444958,0,303
2015,"MUNICIPIO",210805,298,220,234,1,72,93,82,30,15,4,0,1,296,20,24,28,24.3087248322148,6.05741255432719,12,35,107,120,7,10,4,0,0,287,0,62,228,197,101,293,5,0,1,6,22,217,37,29,217,37,38,40,41,39.1908127208481,2.61860237820803,2,147,70,27,41,31,267,217,79,298,0,0,78,8,133,9,23,0,0,5,0,27,259,0,38,1,0,146,152,4,0,0,287,0,17,243,33,3020,3410,3715,3366.1023890785,581.575949787287,15,190,52,1,267,9.55970149253731,0.802721905379467,1,291
2015,"MUNICIPIO",210810,383,314,331,10,111,105,86,54,12,5,0,0,373,19,23,28,23.6318537859008,6.18076127230837,17,65,141,126,5,14,40,3,0,334,0,217,161,242,141,373,10,1,0,3,29,321,22,33,321,22,38,39,40,38.9521276595745,2.15477039635153,1,81,78,40,165,117,266,216,166,375,5,2,121,7,143,6,57,1,1,10,2,27,378,3,1,1,0,207,176,40,3,0,335,0,22,339,22,2985,3300,3630,3270.97650130548,534.117858605122,29,282,47,6,368,9.52673796791444,1.05255035645375,2,379
2015,"MUNICIPIO",210820,618,559,579,7,112,216,148,94,35,5,1,0,611,20,24,29,24.7621359223301,5.79051283276553,5,40,173,319,27,49,70,41,0,496,0,228,387,401,217,603,12,0,2,3,56,528,23,61,528,23,38,39,40,38.6143790849673,2.11262027482875,4,174,72,71,280,126,492,255,362,594,18,1,146,41,166,19,152,7,11,12,1,54,615,0,3,0,0,327,291,70,41,0,496,0,35,526,57,3000,3350,3600,3295.85275080906,567.773323751847,38,455,97,9,606,9.66016260162602,0.815139707195823,6,611
2015,"MUNICIPIO",210825,237,131,143,6,81,66,50,23,10,1,0,0,231,19,22,26,22.8607594936709,5.90188316086095,0,20,84,108,4,6,3,15,0,211,1,99,136,133,104,221,11,0,1,3,30,127,21,34,127,21,38,39,40,38.6813186813187,2.88022068245631,0,91,54,28,23,179,58,176,57,200,17,0,54,9,47,4,22,7,9,11,0,26,223,2,12,0,0,122,115,3,15,0,215,1,16,198,23,2974,3300,3600,3258.82278481013,589.902349563914,12,131,24,6,187,9.37305699481865,1.32118140072046,1,229
2015,"MUNICIPIO",210830,703,321,340,15,221,223,137,75,25,5,2,0,688,18,21,27,22.8933143669986,5.90631978124259,4,68,314,284,8,8,25,11,0,573,0,230,455,470,233,691,6,0,5,11,87,443,62,103,443,62,38,39,40,38.7351973684211,2.99817813332303,1,228,82,55,115,46,657,583,111,678,15,0,126,36,229,41,49,4,11,6,0,96,642,1,59,1,0,342,361,25,11,0,573,0,65,597,33,2880,3152,3490,3144.12805755396,565.295122742673,58,435,67,7,629,9.71383647798742,0.73379419435911,4,668
2015,"MUNICIPIO",210840,141,99,107,3,31,45,31,22,7,2,0,0,138,20,23,29,24.4751773049645,6.23077793845507,2,9,40,83,2,0,12,10,0,115,0,67,73,93,48,138,3,0,1,2,13,99,11,16,99,11,38,39,40,38.6111111111111,2.68915517506067,0,41,33,25,27,116,25,110,31,133,6,0,32,4,53,2,12,5,1,3,0,14,136,2,3,0,0,69,72,13,10,0,116,0,9,124,7,2900,3200,3500,3213.95,473.375834760554,6,97,13,2,135,9.47445255474453,1.13811177453506,0,135
2015,"MUNICIPIO",210845,369,271,286,9,103,113,81,37,20,6,0,0,360,19,23,27,23.6368563685637,6.25702621436483,15,55,125,150,4,13,6,18,1,334,0,110,247,247,122,359,10,0,0,3,39,296,17,42,296,17,38,39,40,38.8197183098592,2.17747973573178,0,128,44,43,108,359,10,181,188,353,10,0,82,13,123,3,77,4,5,10,0,33,364,1,2,2,0,191,178,6,18,1,334,0,36,311,22,2900,3235,3585,3220.18699186992,543.690859096519,23,274,40,3,363,9.73770491803279,0.692067919960722,2,365
2015,"MUNICIPIO",210850,544,474,479,7,140,176,117,71,24,8,1,0,537,19,23,28,24.0055147058824,6.07457998697849,5,36,153,303,8,32,42,28,0,455,1,239,301,321,223,539,5,0,0,6,53,429,41,59,429,41,38,39,40,38.8809073724008,2.18357208580433,1,184,109,67,162,302,242,322,222,520,17,0,156,15,189,18,71,9,6,5,0,53,537,0,6,1,0,248,296,42,28,0,455,1,28,466,48,2960,3300,3638.75,3293.33579335793,574.115310549231,35,399,85,3,535,9.6635687732342,0.674220631455078,2,536
2015,"MUNICIPIO",210860,1498,1178,1242,20,330,481,361,208,78,18,2,0,1478,20,24,28,24.3464619492657,6.03226607228337,14,96,386,861,37,67,57,35,1,1388,0,502,985,886,612,1472,24,1,7,15,128,1148,133,151,1148,133,38,39,40,39.0076815642458,2.45588833077093,2,372,323,288,444,40,1458,954,543,1456,32,1,437,77,489,53,175,15,12,23,1,143,1369,53,76,0,0,759,739,57,35,1,1388,0,97,1283,118,2950,3235,3550,3235.44726301736,536.07483496232,130,1047,186,13,1405,9.82369534555712,0.795152851175185,4,1482
2015,"MUNICIPIO",210870,489,463,477,6,136,150,119,50,27,1,0,0,483,19,23,27,23.6646216768916,5.74616728197135,11,67,187,196,9,19,30,21,0,437,1,351,136,317,172,483,6,0,1,4,35,426,20,40,426,20,38,39,40,38.8189300411523,2.07193611513453,2,195,89,53,144,83,406,254,235,470,17,1,107,46,145,40,90,7,10,6,1,34,481,2,6,0,0,248,241,30,21,0,437,1,26,434,29,2950,3250,3600,3248.2044989775,559.8064023343,30,385,57,6,478,9.65495867768595,0.879226673163632,3,486
2015,"MUNICIPIO",210880,331,262,272,3,88,93,81,44,20,2,0,0,328,19,24,28,24.0392749244713,6.01525571283999,10,50,101,153,7,7,26,43,1,258,2,197,133,219,112,328,1,0,2,4,20,264,30,26,264,30,38,40,40,39.225,2.29473979374637,1,108,50,44,122,54,277,168,162,309,17,2,78,13,116,12,55,5,12,1,2,24,315,5,11,0,0,161,170,26,43,1,258,2,15,286,30,2950,3300,3620,3288.00906344411,555.745328018666,25,228,54,5,282,9.52961672473868,0.952542159630298,2,327
2015,"MUNICIPIO",210890,273,246,255,5,64,72,66,47,14,5,0,0,268,19,24,29,24.6703296703297,6.28441398080158,3,38,88,121,5,17,4,4,0,263,0,74,198,171,102,266,6,1,0,3,19,239,8,23,239,8,38,39,40,38.8185185185185,2.36620208249313,0,113,28,23,106,49,224,97,175,258,2,1,57,27,62,12,70,0,2,6,1,22,273,0,0,0,0,129,144,4,4,0,263,0,7,228,38,3180,3450,3800,3467.55311355311,508.539487013941,4,189,66,3,270,9.37362637362637,0.766701562774394,0,273
2015,"MUNICIPIO",210900,418,397,402,5,106,120,121,45,16,5,0,0,413,19,23,28,23.8301435406699,5.76247269720745,2,19,134,214,14,35,44,5,0,369,0,273,144,272,146,416,2,0,2,0,28,366,16,30,366,16,38,39,40,38.7864077669903,1.95148198940601,1,99,43,59,210,112,306,157,260,402,8,1,96,32,100,32,108,4,4,2,1,26,417,0,0,1,0,218,200,44,5,0,369,0,28,364,26,2950,3250,3597.5,3243.25837320574,547.639661885668,35,315,57,3,414,9.68824940047962,0.798845955567657,2,416
2015,"MUNICIPIO",210905,65,43,43,3,13,18,17,9,5,0,0,0,62,20,23,28,24.4153846153846,6.2846348036608,0,6,27,32,0,0,5,1,0,59,0,29,36,49,16,65,0,0,0,0,6,56,3,6,56,3,38,39,40,38.8461538461538,1.93027499037353,1,20,2,10,27,29,36,49,16,61,3,0,13,2,30,3,8,0,3,0,0,5,43,20,1,1,0,34,31,5,1,0,59,0,7,53,5,2900,3300,3700,3254.23076923077,600.187438671005,7,46,12,0,46,9.80434782608696,0.453115889880101,0,63
2015,"MUNICIPIO",210910,872,617,635,12,187,287,197,118,58,12,1,0,860,20,24,29,24.5344036697248,6.20497262626207,12,50,288,446,36,28,208,41,0,593,0,248,610,558,314,867,4,4,7,6,59,735,49,76,735,49,38,39,40,38.7244186046512,2.66606475753835,0,232,94,91,419,51,821,306,566,687,13,3,211,10,251,9,134,4,8,4,3,60,870,1,1,0,0,444,428,208,41,0,594,0,41,760,71,3070,3340,3680,3337.54357798165,516.149205841878,43,661,128,11,858,9.37974683544304,0.92624529719746,4,868
2015,"MUNICIPIO",210920,199,125,131,3,46,67,47,28,6,1,1,0,196,20,23,28,23.9547738693467,5.74130566434456,6,17,80,88,1,4,6,9,0,181,1,62,137,137,62,198,1,0,1,5,19,141,24,25,141,24,38,39,40,38.8473684210526,2.7818132758406,0,91,36,30,30,104,95,148,51,196,2,0,46,7,89,1,19,1,1,1,0,25,169,0,30,0,0,106,93,6,9,0,181,1,18,164,17,2900,3260,3600,3236.44221105528,557.356581568127,22,124,34,4,140,9.04861111111111,1.17270747108681,0,198
2015,"MUNICIPIO",210923,117,83,86,3,41,32,23,14,3,1,0,0,114,18,22,27,22.7008547008547,6.0419010442663,0,11,55,42,3,2,21,43,1,45,0,36,80,72,45,113,2,0,0,3,8,85,10,11,83,10,38,39,40,38.7788461538462,2.5616921393638,0,50,17,8,25,113,4,87,30,107,5,0,34,1,36,1,14,1,4,2,0,11,113,3,1,0,0,64,53,22,43,1,48,0,4,102,11,3000,3400,3700,3356.17948717949,514.832925952257,4,77,18,0,112,9.69642857142857,0.534221429177579,2,114
2015,"MUNICIPIO",210927,377,246,257,10,104,135,79,35,11,3,0,0,367,19,22,26,22.8488063660477,5.70049968947869,4,44,140,169,3,7,11,23,0,339,0,132,243,246,131,373,3,0,1,4,32,262,37,37,262,37,38,39,40,39.0059523809524,2.39775273844919,1,125,89,74,64,294,83,294,82,368,6,0,78,21,156,10,29,1,5,3,0,32,299,24,54,0,0,207,170,11,23,0,339,0,17,325,32,3000,3300,3550,3268.04545454545,523.038893635476,27,246,43,3,294,9.7979797979798,1.04603302729173,2,373
2015,"MUNICIPIO",210930,231,104,113,4,55,76,52,24,13,6,1,0,227,19,23,28,24.3809523809524,6.5023327554763,7,27,73,111,2,9,10,6,0,207,0,112,115,172,59,220,9,0,0,2,32,162,27,34,162,27,38,39,40,38.8878923766816,2.69316561566683,1,107,13,20,78,134,97,173,57,216,5,0,36,3,106,15,16,2,1,9,0,26,213,2,15,1,0,120,111,10,6,0,207,0,21,200,10,2900,3210,3500,3184.12121212121,567.807677965687,15,164,21,3,123,8.59523809523809,1.04444106720156,0,229
2015,"MUNICIPIO",210940,175,115,123,2,47,56,37,21,10,2,0,0,173,19,23,27.5,24.12,6.06216834618367,4,33,62,69,5,1,10,1,0,163,0,111,64,124,51,169,4,0,0,1,5,124,12,6,124,12,39,39,40,39.3521126760563,1.73898634817211,0,33,41,48,48,60,115,132,42,161,13,0,36,2,67,9,8,2,8,4,0,5,153,0,22,0,0,89,86,10,1,0,163,0,15,143,17,3000,3259,3570,3254.56571428571,564.63338219503,12,98,22,3,147,9.1,0.721203319590197,0,175
2015,"MUNICIPIO",210945,438,330,336,5,119,125,94,77,14,4,0,0,433,19,23,29,23.986301369863,5.98814958797087,1,21,158,232,9,14,24,5,1,368,1,164,267,268,170,434,4,1,5,2,63,330,26,71,330,26,37,39,40,38.4051522248244,2.80630940084999,2,147,80,60,113,411,27,281,157,426,10,0,109,22,136,12,69,9,1,4,0,63,434,1,2,1,0,212,226,24,5,1,368,1,34,378,26,2913.75,3244,3535,3191.81735159817,613.599966189945,34,324,57,5,425,9.07674418604651,0.776201139824565,3,413
2015,"MUNICIPIO",210950,356,276,288,3,96,89,89,56,17,4,2,0,353,19,24,28.25,24.3820224719101,6.28793724295373,2,36,151,137,10,16,40,14,0,302,0,157,197,240,116,356,0,1,0,2,38,281,32,41,281,32,38,39,40,38.8361581920904,2.48764492375602,2,106,78,73,89,54,302,181,174,323,17,2,68,23,124,20,48,7,10,0,2,38,354,0,2,0,0,193,163,40,14,0,302,0,13,292,51,3100,3355,3700,3378.45505617978,569.611541169522,17,248,77,3,316,9.70532915360502,0.958741543530919,0,354
2015,"MUNICIPIO",210955,146,127,140,0,37,54,28,21,3,2,1,0,146,19.25,22,27,23.8356164383562,5.96429305838912,3,6,57,73,4,3,13,2,0,130,0,114,31,91,55,137,9,0,0,2,25,112,7,27,112,7,37,39,40,38.4178082191781,2.53188453545921,0,36,28,23,57,142,4,70,76,130,14,0,23,19,23,16,29,4,3,9,0,18,142,0,3,1,0,75,71,13,2,0,130,0,20,113,13,2792.5,3227.5,3523.75,3167.65753424658,607.261023674234,14,98,21,3,139,9.15492957746479,1.09347370648706,0,146
2015,"MUNICIPIO",210960,631,507,517,17,167,186,152,76,26,7,0,0,614,19,23,28,23.6402535657686,6.05206741003455,5,37,213,346,8,18,19,13,0,571,1,238,387,389,242,621,9,0,3,8,83,468,34,94,468,34,38,39,40,38.501677852349,2.45805085114258,5,261,88,56,184,371,260,365,263,601,18,1,166,18,196,19,83,7,8,9,1,83,624,0,7,0,0,333,298,19,13,0,571,1,53,533,45,2880,3215,3552.5,3207.47543581616,545.36577119915,48,451,83,4,613,9.09076175040519,0.93534261898955,5,616
2015,"MUNICIPIO",210970,67,27,29,3,17,23,15,5,2,2,0,0,64,19,22,27,23.4925373134328,6.49562354841146,1,6,26,33,0,1,14,2,0,51,0,52,15,34,33,67,0,0,0,0,4,58,4,4,58,4,38,39,40,39.2575757575758,1.84232800938717,0,26,16,15,8,36,31,45,21,65,1,0,29,1,28,0,2,1,0,0,0,4,66,1,0,0,0,34,33,14,2,0,51,0,1,53,13,3140,3450,3777.5,3470.37313432836,523.992043538394,3,43,17,0,33,8.93939393939394,0.555618683282088,0,67
2015,"MUNICIPIO",210975,61,48,55,1,17,15,16,9,3,0,0,0,60,18,24,28,23.9672131147541,6.08541210084892,0,10,25,24,0,2,6,0,0,54,0,43,17,44,17,55,6,0,0,0,6,51,1,6,51,1,38,39,40,38.6896551724138,1.62445020714674,0,15,11,5,28,60,1,31,30,59,2,0,16,0,23,1,7,0,1,6,0,4,61,0,0,0,0,29,32,6,0,0,54,0,6,52,3,2900,3200,3500,3178.93442622951,500.087587956765,5,40,6,0,61,9.11475409836066,0.519562657618171,0,61
2015,"MUNICIPIO",210980,520,292,306,12,171,147,98,62,21,7,2,0,508,18,22,27.25,23.2538461538462,6.29041726282507,6,53,190,242,6,9,47,28,2,420,0,171,339,340,180,512,7,0,3,9,50,363,48,62,363,48,38,39,40,38.8710359408034,2.70871677996141,3,188,98,54,136,133,387,396,124,497,13,6,134,7,193,6,54,5,6,7,6,53,438,13,67,2,0,277,243,47,28,2,421,0,37,457,26,2940,3200,3512.5,3206.00192307692,509.374993879125,36,358,54,1,383,9.77083333333333,0.72593386929772,4,513
2015,"MUNICIPIO",210990,1587,1496,1515,20,374,505,339,242,90,15,2,0,1567,20,24,29,24.3862633900441,6.13469144957819,17,92,483,864,37,78,112,32,0,1418,0,433,1151,1007,580,1569,17,0,2,8,113,1380,76,123,1380,76,38,39,40,38.8955034832172,1.9897962259342,0,470,334,255,508,252,1335,797,789,1504,46,7,451,58,526,29,310,13,28,17,7,112,1567,4,15,1,0,816,771,113,32,0,1427,0,82,1397,108,2987.5,3280,3577.5,3270.74984247007,517.719038016767,112,1248,197,19,1566,9.50536277602524,1.12652938030899,9,1578
2015,"MUNICIPIO",211000,1280,901,919,25,340,375,277,178,66,17,0,2,1253,19,23,28,24.0421875,6.44636995480513,38,131,381,517,16,38,107,30,2,1005,2,335,924,795,485,1259,17,0,1,6,45,1199,21,52,1199,21,38,39,40,39.0676100628931,1.64136764724286,0,352,286,287,177,223,1057,873,401,1084,41,1,348,23,467,23,158,14,23,16,1,47,1168,1,100,11,0,643,637,109,31,2,1092,23,84,1090,106,2965,3300,3615,3284.0703125,531.689023661974,114,965,166,6,1166,9.12883959044369,0.602829381950613,4,1216
2015,"MUNICIPIO",211003,447,231,243,14,114,138,104,56,20,1,0,0,433,19,22,27,23.496644295302,5.76749531139059,4,30,181,203,11,14,56,54,0,333,0,171,272,268,179,442,2,0,2,4,36,353,32,42,353,32,38,39,40,38.943793911007,2.30973193872993,1,124,83,70,137,184,263,307,140,415,11,3,140,5,153,2,52,3,7,2,3,40,446,0,1,0,0,235,212,56,54,0,333,0,19,376,52,3100,3400,3700,3363.10514541387,538.342602789292,19,304,88,3,443,9.76008968609865,0.675958905094482,1,311
2015,"MUNICIPIO",211010,489,442,451,10,136,146,107,59,25,5,1,0,479,19,23,28,23.6993865030675,6.07480854045443,15,67,196,193,7,6,13,8,0,468,0,317,172,333,156,485,4,0,1,0,41,404,33,42,404,33,38,39,40,39.0292275574113,2.05040602887714,5,175,90,51,148,82,407,311,178,464,22,2,117,12,211,8,69,8,12,4,2,38,482,0,7,0,0,244,245,13,8,0,468,0,35,418,36,3000,3320,3605,3303.43762781186,545.570915338431,31,366,69,4,482,8.61934156378601,0.698419702637158,0,487
2015,"MUNICIPIO",211020,625,489,517,8,166,186,142,83,30,9,1,0,617,19,23,28,24.0064,6.07854233538576,8,61,221,315,5,13,45,21,0,539,1,447,169,402,223,615,10,2,2,6,62,491,50,72,491,50,38,39,40,38.8646003262643,2.60334181511759,2,233,114,76,139,100,525,368,257,599,20,3,170,13,238,10,89,6,10,9,3,63,620,0,5,0,0,318,306,45,21,0,539,1,45,551,29,2940,3250,3535,3212.5056,532.124871223249,58,458,63,15,597,8.20915032679738,0.960111796349391,5,615
2015,"MUNICIPIO",211023,133,106,108,2,23,46,31,22,7,2,0,0,131,21,24,29,24.7593984962406,5.91242960870373,0,15,57,44,2,4,21,4,0,107,0,40,91,91,42,133,0,0,1,0,13,104,8,14,104,8,38,39,40,38.9206349206349,2.43179990822658,0,32,21,21,58,57,76,78,55,129,2,1,34,1,51,6,19,1,1,0,1,11,128,0,5,0,0,64,69,21,4,0,107,0,6,115,12,3064,3404,3632,3361.64661654135,492.6142414108,4,99,20,1,124,9.472,0.857377847972263,0,131
2015,"MUNICIPIO",211027,159,88,97,1,38,43,44,26,5,2,0,0,158,20,24,28.5,24.3018867924528,5.85235505660943,8,27,70,48,2,3,9,1,1,144,0,86,71,122,37,154,5,0,1,2,18,116,12,21,116,12,38,39,40,38.7046979865772,2.52956399326236,1,58,35,18,31,100,59,126,33,156,2,0,28,5,73,3,14,0,2,5,0,18,125,3,30,1,0,86,73,9,1,1,144,0,10,128,16,2960.5,3304,3637.5,3301.70779220779,543.337975744929,7,107,22,1,110,9.41441441441441,0.80304498309948,1,149
2015,"MUNICIPIO",211030,245,46,49,6,53,89,56,25,12,4,0,0,239,20,23,28,23.8979591836735,6.07954410081357,5,52,78,89,3,17,10,3,0,228,0,84,152,142,103,244,0,0,0,1,9,102,4,10,102,4,38,39,40,39,2.02591900778066,0,15,13,8,18,58,187,97,148,234,0,0,43,5,33,1,23,0,0,0,0,10,244,0,1,0,0,123,122,10,3,0,228,0,15,206,24,3039,3375,3740,3375.55918367347,566.186648798803,9,84,19,1,57,9.56896551724138,1.28571188507444,2,216
2015,"MUNICIPIO",211040,387,44,48,10,99,108,77,51,35,6,1,0,377,19,23,29,24.5994832041344,6.71417182973248,14,77,154,130,2,3,0,2,0,384,0,332,53,349,38,378,9,0,0,3,14,355,7,17,355,7,38,39,40,39.1292875989446,1.75380531674006,1,56,61,45,218,82,305,264,123,372,13,1,23,1,216,3,102,2,8,9,1,13,381,1,5,0,0,215,172,0,2,0,384,0,24,325,38,3000,3300,3650,3309.77519379845,592.992388355286,27,291,50,2,62,8.84375,0.929562962680475,0,384
2015,"MUNICIPIO",211050,516,462,481,8,152,157,131,45,17,6,0,0,508,19,22,27,23.281007751938,5.77107852415635,3,38,203,254,4,7,13,38,0,455,0,419,95,289,227,506,9,0,3,3,51,422,30,57,422,30,38,39,40,38.8447937131631,2.32274728023399,2,64,194,65,178,75,441,290,223,312,196,0,99,10,122,0,32,92,98,9,0,43,493,2,21,0,0,286,230,14,38,0,458,0,24,453,39,3000,3300,3600,3294.93410852713,518.524946286799,31,384,74,3,498,9.93213572854291,0.485165156973291,0,515
2015,"MUNICIPIO",211060,465,407,429,3,110,135,129,62,21,5,0,0,462,20,24,28,24.4494623655914,5.92319053658922,5,55,159,219,9,15,53,28,0,379,0,132,330,298,167,458,6,0,0,2,42,373,36,44,373,36,38,39,40,39.0441501103753,2.10725516523256,1,127,37,56,235,140,325,292,173,444,20,1,119,24,159,20,61,4,15,6,1,43,462,0,2,1,0,236,229,53,28,0,379,0,25,402,38,3026,3350,3668,3350.49032258065,526.29853000585,31,328,71,4,457,9.19305856832972,0.915824393907116,1,459
2015,"MUNICIPIO",211065,133,28,28,1,29,42,29,20,10,2,0,0,132,20,24,29,24.7744360902256,6.27599628859396,1,12,57,55,2,4,10,34,2,80,0,37,78,114,19,129,2,0,1,0,13,100,8,14,100,8,38,39,40,38.7459016393443,2.45138340234378,2,51,39,19,15,11,122,106,26,128,1,0,13,2,59,4,26,0,1,2,0,14,133,0,0,0,0,63,70,10,34,2,80,0,4,117,12,3090,3375,3650,3349.70676691729,493.263249249245,4,95,17,1,33,9.61764705882353,0.817042185118868,1,119
2015,"MUNICIPIO",211070,609,432,452,5,152,181,147,79,34,9,2,0,604,19,23,29,24.3661740558292,6.27250463929026,8,66,215,281,8,23,72,37,3,489,1,146,455,410,199,600,8,0,4,5,54,492,34,63,492,34,38,39,40,38.8556876061121,2.41970842347276,1,117,61,64,250,80,529,324,283,560,22,4,139,21,183,23,113,6,15,8,4,56,609,0,0,0,0,310,299,72,37,3,489,1,39,521,49,3000,3350,3670,3316.86699507389,556.02914927761,35,435,91,9,594,8.91542288557214,0.849747438698728,1,606
2015,"MUNICIPIO",211080,48,4,4,0,10,12,14,7,5,0,0,0,48,20.75,25,29.25,25.4375,6.08418336624091,0,11,13,23,0,1,8,6,1,33,0,29,19,33,15,46,2,0,0,1,2,43,0,3,43,0,38,39,40,38.8478260869565,1.92027071360435,0,18,11,9,9,39,9,26,22,45,1,0,11,1,16,6,5,0,1,2,0,3,43,2,3,0,0,20,28,8,6,1,33,0,4,44,0,2795,3042.5,3567.5,3073.95833333333,611.893467237743,7,34,3,1,4,8.8,1.6431676725155,0,47
2015,"MUNICIPIO",211085,139,129,135,2,36,37,33,17,12,1,0,1,136,19,24,28,24.5467625899281,7.03121716387333,2,14,60,59,2,2,2,8,0,129,0,112,27,95,44,136,3,0,1,1,16,114,7,18,114,7,38,39,40,38.6834532374101,2.32826355405595,0,32,29,28,50,137,2,81,58,135,4,0,18,17,37,17,28,1,3,3,0,15,138,0,0,1,0,77,62,2,8,0,129,0,16,114,9,2925,3300,3600,3215.86330935252,654.102418535428,12,102,19,0,136,9.27205882352941,0.68277117000371,1,137
2015,"MUNICIPIO",211090,152,112,118,2,28,41,44,27,8,2,0,0,150,21,25,29,24.9736842105263,5.91322165238313,4,31,49,57,2,4,8,7,0,131,0,48,101,104,48,149,3,0,1,3,13,119,16,17,119,16,38,39,41,39.0460526315789,2.68263687562873,0,52,33,24,25,149,3,112,40,145,4,0,33,6,56,9,23,2,2,3,0,15,148,1,1,2,0,84,68,8,7,0,131,0,11,130,11,2900,3260,3700,3243.21052631579,577.102681551581,10,117,18,3,142,9.39310344827586,0.973942102175897,0,148
2015,"MUNICIPIO",211100,269,199,208,7,84,81,59,28,10,0,0,0,262,19,22,26,22.9256505576208,5.44871373673614,1,23,85,149,3,1,33,31,0,192,0,150,117,163,106,262,7,0,1,8,38,204,13,47,204,13,37,39,40,38.1969696969697,2.90650089219677,0,120,34,26,77,42,227,156,111,258,8,0,65,19,68,19,38,4,2,7,0,42,265,0,4,0,0,137,132,34,31,0,192,0,27,227,15,2900,3250,3530,3177.13382899628,624.434141401913,18,203,32,36,206,8.56198347107438,1.67427478315783,1,254
2015,"MUNICIPIO",211102,222,202,208,8,71,62,49,20,9,3,0,0,214,18,22,27,23.036036036036,6.22130033683059,5,30,98,76,5,8,5,2,1,213,0,171,50,149,73,220,2,0,2,2,19,174,25,23,174,25,38,40,40,39.0540540540541,2.46179068048667,0,69,49,21,73,46,176,154,68,217,4,1,53,12,78,15,37,0,4,2,1,20,219,1,2,0,0,124,98,5,2,1,213,0,9,193,20,3100,3400,3696.25,3369.83783783784,568.753698857893,7,173,36,14,206,8.40909090909091,1.25181478888468,2,219
2015,"MUNICIPIO",211105,160,136,143,3,50,44,40,16,6,1,0,0,157,18,22,27,23.2,5.79177469244534,3,15,66,69,1,6,22,4,0,134,0,98,62,104,56,158,2,0,0,1,15,130,13,16,130,13,38,39,40,38.8867924528302,1.99677313124556,0,57,26,16,57,142,18,79,81,156,3,0,33,14,42,20,30,1,1,2,0,16,155,5,0,0,0,84,76,22,4,0,134,0,5,146,9,3000,3277.5,3588.75,3291.03125,451.073526225294,4,127,20,1,145,9.66438356164384,0.726611381786516,1,159
2015,"MUNICIPIO",211107,282,213,219,5,74,83,62,36,21,1,0,0,277,19,23,29,24.1099290780142,6.41217486285429,12,40,113,106,2,5,10,7,0,261,0,205,76,188,94,281,0,1,1,4,26,210,18,32,210,18,38,39,40,38.6846153846154,2.7284702755482,0,62,31,49,105,243,39,174,108,263,16,1,65,5,100,6,36,6,10,0,1,31,267,7,7,1,0,147,135,10,7,0,261,0,20,240,22,2985,3300,3590,3275.53546099291,602.979317602937,24,195,31,1,272,8.99267399267399,0.69129393803914,0,282
2015,"MUNICIPIO",211110,418,274,285,0,86,122,96,78,31,5,0,0,418,20,25,30,25.2918660287081,6.27820109423158,3,37,150,182,14,27,65,35,1,306,0,157,259,262,156,415,2,2,2,1,30,352,25,35,352,25,38,39,40,38.8519417475728,2.47516543063432,3,97,76,66,161,81,337,191,227,402,9,0,119,17,114,19,96,4,5,2,0,29,417,0,1,0,0,215,203,65,35,1,309,0,35,357,26,2971.25,3275,3560,3231.22966507177,554.096230792797,37,314,47,13,402,9.37349397590361,1.28641023364043,2,311
2015,"MUNICIPIO",211120,3298,2527,2590,33,627,894,869,574,252,45,4,0,3265,21,25,30,25.4760460885385,6.22913520962664,11,108,687,2068,143,246,243,73,5,2629,5,1197,2071,1982,1316,3245,49,4,21,39,365,2660,146,429,2659,146,38,39,40,38.534941249227,2.53393617746183,5,868,567,480,1210,2237,1061,1796,1498,3188,73,3,826,247,924,164,547,27,36,49,3,380,3225,2,64,7,0,1676,1621,243,73,5,2629,5,280,2792,225,2915,3245,3565,3210.3821656051,595.593677283181,232,2472,440,41,3227,9.15636474908201,0.831926749224734,23,3154
2015,"MUNICIPIO",211125,82,64,65,0,19,21,21,13,7,1,0,0,82,20,25.5,29.75,25.1829268292683,6.34040160892677,0,6,27,43,0,1,7,1,0,70,0,23,56,49,33,82,0,0,0,0,6,73,3,6,73,3,38,39,40,39,1.63299316185545,0,10,3,6,57,49,33,54,28,74,3,2,23,4,24,3,14,1,2,0,2,6,82,0,0,0,0,46,36,7,1,0,70,0,6,67,9,2985,3310,3650,3297.01219512195,550.486238351946,8,60,13,1,81,9.52439024390244,0.878067599918765,1,81
2015,"MUNICIPIO",211130,16998,11657,12112,128,2709,4410,4445,3389,1560,337,19,1,16869,21,26,31,26.2102012001412,6.37652833561234,31,355,3028,9847,1023,2530,2182,571,45,11599,12,5141,11658,9729,7269,16604,355,30,108,194,1850,13498,784,2182,13498,784,38,39,40,38.4748542274052,2.55124946194078,74,4274,2787,2068,6599,182,16816,7790,9153,16268,483,28,4378,1479,4106,759,2904,181,219,348,28,1849,16917,18,42,20,0,8784,8200,2182,571,45,11603,12,1564,14468,966,2900,3220,3540,3183.26920814213,590.107161030347,1221,12731,1841,245,16510,9.04685168606386,0.862874170419045,167,16186
2015,"MUNICIPIO",211140,334,294,303,8,90,105,73,40,15,2,1,0,326,19,22,27,23.5089820359281,6.06359516689766,2,29,126,155,4,4,22,17,0,286,0,157,172,227,107,329,4,1,0,3,35,281,14,39,281,14,38,39,40,38.625748502994,2.27812324823678,0,68,69,115,75,145,189,131,202,318,13,1,74,10,84,10,101,6,7,4,1,35,330,3,1,0,0,176,158,22,17,0,286,0,24,297,13,2950,3240,3500,3207.58982035928,506.832212184146,32,249,42,5,328,9.06606606606607,0.749591347597618,0,332
2015,"MUNICIPIO",211150,680,524,559,8,189,193,162,76,43,9,0,0,672,19,23,28,24.0132352941176,6.25817649340534,23,69,244,300,8,23,20,18,0,619,0,191,459,433,247,661,16,1,2,4,70,544,45,77,544,45,38,40,40,38.996996996997,2.38604778894279,1,219,99,77,231,632,48,380,300,658,19,1,188,19,201,9,143,4,9,16,1,71,662,12,5,1,0,348,332,20,18,0,619,0,39,604,36,2950,3220,3540,3224.61855670103,518.88362153135,55,487,80,7,665,9.73065476190476,0.738799638581631,2,676
2015,"MUNICIPIO",211153,172,149,152,4,41,48,42,24,10,3,0,0,168,19,23,29,24.4767441860465,6.3636885552126,4,20,64,75,2,6,10,7,0,149,0,119,49,111,61,172,0,0,2,3,12,138,12,17,138,12,38,39,40,38.8622754491018,2.68623480763373,0,52,35,25,55,132,40,120,51,164,5,0,34,20,46,23,21,3,2,0,0,15,167,1,3,1,0,93,79,10,7,0,149,0,9,150,13,2957.5,3250,3535,3247.18604651163,540.481451210314,17,123,22,3,169,9.31976744186047,0.896428229883145,3,166
2015,"MUNICIPIO",211157,72,26,27,1,16,26,21,7,0,1,0,0,71,20,23,27,23.6666666666667,5.39692139681321,1,4,14,10,0,1,3,0,0,28,0,27,44,50,22,72,0,0,0,2,3,64,2,5,64,2,39,41,41,39.8591549295775,2.31328939976876,0,7,6,2,16,7,65,27,45,29,0,0,9,0,9,2,5,0,0,0,0,3,65,7,0,0,0,38,34,12,2,0,57,0,3,65,4,3027.5,3270,3652.5,3272.58333333333,575.067485323293,3,60,7,0,72,9.73611111111111,0.581233645671618,0,71
2015,"MUNICIPIO",211160,319,11,12,1,84,117,68,27,19,2,0,1,317,19,23,27,23.6708463949843,5.98647292538722,2,32,106,147,11,16,89,16,0,208,1,167,148,70,249,312,5,1,3,6,32,251,26,42,251,26,38,39,40,38.6489028213166,2.91530180967083,0,78,65,73,93,117,202,180,139,297,12,2,188,14,41,5,9,12,0,5,2,36,319,0,0,0,0,160,159,89,16,0,208,1,24,268,27,2982.5,3285,3600,3253.4263322884,577.274625953574,23,222,55,0,12,9.08333333333333,0.996204919895622,0,318
2015,"MUNICIPIO",211163,78,60,64,1,21,24,18,10,1,3,0,0,77,19,23,28.75,23.8076923076923,6.52479325901803,2,13,29,29,0,4,6,3,0,67,0,23,54,38,40,77,0,0,0,0,8,59,8,8,59,8,38,39,40,39.1333333333333,1.9335818417483,0,19,5,10,38,76,2,48,30,76,1,1,30,3,25,0,6,1,0,0,1,8,76,1,1,0,0,39,39,6,3,0,67,0,3,69,6,3050,3400,3700,3329.61538461538,616.943013023635,5,54,11,1,76,9.54545454545454,0.679501646825287,1,77
2015,"MUNICIPIO",211167,88,76,79,1,22,27,27,7,3,1,0,0,87,19,23,27,23.5681818181818,5.6136030483953,2,15,35,32,0,3,5,3,0,78,0,19,68,55,33,86,2,0,0,0,8,76,2,8,76,2,38,39,40,39.0232558139535,1.66611025824009,0,20,8,10,49,87,1,40,48,86,0,0,26,4,28,4,12,0,0,2,0,8,87,0,1,0,0,43,45,5,3,0,78,0,4,77,7,3087.5,3400,3650,3362.64772727273,459.487621680426,2,71,10,1,86,9.73563218390805,0.706444917369878,0,88
2015,"MUNICIPIO",211170,319,35,41,1,83,121,65,30,14,4,1,0,318,19,22,27,23.4545454545455,5.74759750440242,0,28,99,181,4,4,23,17,1,267,0,264,53,218,101,314,4,0,0,5,31,181,26,36,181,26,38,39,40,38.8353909465021,2.52050732616273,1,68,25,45,43,42,277,205,113,258,10,1,43,6,81,8,33,7,2,4,1,27,310,0,9,0,0,167,151,23,17,1,268,0,18,287,13,2961.5,3218,3500,3225.14150943396,513.856835528921,8,190,30,16,50,8.27272727272727,2.0118529885537,1,271
2015,"MUNICIPIO",211172,109,101,101,2,32,27,30,13,5,0,0,0,107,18,23,28,23.4862385321101,6.05471147873487,3,15,48,39,1,3,5,1,0,102,0,28,78,69,40,109,0,0,1,1,5,100,1,7,100,1,38,39,40,38.9351851851852,2.11480384255579,0,35,12,15,45,45,64,39,70,100,5,1,27,8,29,9,19,0,5,0,1,7,107,0,1,1,0,66,43,5,1,0,102,0,5,97,7,2965,3250,3565,3225.4128440367,511.883833953694,9,87,11,1,107,9.50925925925926,0.891238457558482,0,109
2015,"MUNICIPIO",211174,186,154,161,2,43,56,49,22,9,5,0,0,184,20,23.5,28,24.5268817204301,6.15755549574924,6,26,71,71,3,7,10,23,0,152,0,72,103,126,60,183,3,0,0,3,10,151,14,13,151,14,38,39,41,39.1404494382022,2.29404629082212,0,19,19,16,127,56,130,150,36,177,8,1,49,0,83,3,22,2,6,3,1,11,184,0,2,0,0,93,93,10,23,0,152,0,11,144,31,3100,3500,3832.5,3413.66666666667,663.424218501023,13,119,39,0,186,9.3494623655914,0.633672036567298,0,186
2015,"MUNICIPIO",211176,315,284,296,7,106,87,60,35,16,4,0,0,308,18,22,27,23.1714285714286,6.25130377666118,3,24,128,141,5,13,22,3,0,290,0,246,69,196,119,308,6,1,2,4,35,251,15,42,251,15,38,39,40,38.4188311688312,2.74245828714772,1,81,68,52,103,308,7,173,141,309,5,0,48,51,50,53,53,3,2,6,0,42,308,0,5,2,0,151,164,22,3,0,290,0,19,279,17,2945,3200,3460,3179.51746031746,574.786719386712,17,234,41,3,304,9.11726384364821,0.787522178603893,6,309
2015,"MUNICIPIO",211178,177,24,26,1,59,57,36,18,6,0,0,0,176,19,22,27,22.7627118644068,5.4958837377215,2,23,80,70,1,0,2,79,2,93,0,58,118,134,43,172,5,0,0,4,21,136,13,25,136,13,38,39,40,38.7701149425287,2.47157785564979,5,80,32,13,17,106,71,144,33,171,4,1,28,5,85,8,17,2,0,4,1,23,144,0,33,0,0,86,91,2,79,2,93,0,17,150,9,2880,3287.5,3542.5,3205.36931818182,577.477524580917,16,126,22,0,33,9.51515151515152,0.565752381856018,1,174
2015,"MUNICIPIO",211180,290,228,245,5,90,83,55,40,13,4,0,0,285,18,22.5,28,23.448275862069,6.22522053581113,4,33,114,111,6,12,26,8,0,246,0,212,76,178,112,281,8,0,2,4,28,224,22,34,224,22,38,39,41,38.8821428571429,2.62542757349663,0,56,37,29,133,267,23,169,119,264,15,0,53,35,56,49,28,2,11,8,0,26,287,0,0,3,0,152,138,29,8,0,253,0,22,244,24,2982.5,3300,3600,3252.72413793103,605.854899238188,24,198,40,4,283,9.27526132404181,0.933551672473068,4,285
2015,"MUNICIPIO",211190,167,142,148,2,30,40,49,29,13,3,1,0,165,20,26,30.5,25.8443113772455,6.62686759118777,4,16,58,80,3,6,19,7,1,137,1,113,52,132,35,163,4,0,1,1,12,147,5,14,147,5,38,39,40,38.8012048192771,2.31260021441974,1,40,39,29,51,107,60,87,80,156,1,1,27,4,33,41,36,0,1,4,1,10,165,0,2,0,0,86,81,19,7,1,137,1,11,150,6,2945.5,3300,3555,3220.7245508982,567.560343001376,15,127,18,5,158,8.9079754601227,1.12661306003809,1,166
2015,"MUNICIPIO",211195,84,53,55,0,20,26,24,7,5,2,0,0,84,20,23,28,24.4285714285714,5.94814077317334,1,9,41,25,0,1,2,11,0,66,0,38,42,56,28,84,0,0,0,0,10,63,7,10,63,7,38,39,40,39.1375,2.18013906187516,1,17,10,13,34,69,15,38,46,77,3,2,16,4,21,4,19,2,1,0,2,9,83,1,0,0,0,47,37,2,11,0,66,0,3,73,8,2951.25,3300,3596.25,3275.44047619048,554.59331352098,6,59,11,0,84,9.51190476190476,0.649263672263919,1,77
2015,"MUNICIPIO",211200,152,60,61,2,45,32,41,18,12,2,0,0,150,19,24,28,24.2565789473684,6.42789524070781,2,15,59,72,2,2,37,4,0,109,0,113,37,106,46,152,0,0,1,0,19,121,10,20,121,10,37.5,39,40,38.6225165562914,2.27373912855544,0,44,19,33,53,89,63,101,51,151,1,0,38,1,78,2,12,0,1,0,0,19,149,1,2,0,0,72,80,37,4,0,109,0,10,131,11,2928.75,3272.5,3622.5,3277.99342105263,548.015353590573,10,114,25,2,64,9.56060606060606,1.02475194565151,0,150
2015,"MUNICIPIO",211210,581,434,445,12,175,179,127,62,18,8,0,0,569,19,22,27,23.2375215146299,5.89231264693904,23,97,153,225,7,13,19,10,0,535,1,186,352,351,230,578,2,0,2,4,51,465,30,57,465,30,38,39,40,38.8351449275362,2.20788809768886,1,220,123,108,98,27,554,322,258,548,27,1,156,26,184,19,80,12,14,2,1,55,575,0,6,0,0,277,304,19,10,0,535,1,56,498,27,2870,3210,3490,3154.35456110155,602.703559775641,57,438,41,6,572,9.65570934256055,0.999554631472961,7,572
2015,"MUNICIPIO",211220,2796,2292,2376,35,609,749,707,437,219,39,1,0,2761,20,25,29,25.057582260372,6.35445920524195,23,190,923,1301,146,189,125,113,13,2486,1,621,2162,1720,1076,2734,52,2,13,26,178,2425,134,219,2425,134,38,39,40,38.9442044636429,2.19095200423538,33,842,443,305,886,729,2067,1506,1279,2666,84,9,872,51,950,51,518,36,31,50,9,179,2787,1,6,2,0,1384,1408,125,113,13,2486,1,221,2378,196,2955,3260,3575,3233.0518783542,572.487046637315,228,2102,326,25,2757,9.80373831775701,0.724275015138004,7,2772
2015,"MUNICIPIO",211223,358,339,348,4,93,92,85,57,23,4,0,0,354,19,24,29,24.5335195530726,6.38650050485367,1,26,113,182,7,28,32,18,1,305,1,143,214,225,133,353,4,0,1,2,27,308,18,30,308,18,38,39,40,38.7752808988764,1.93414280020318,1,100,42,42,167,184,174,168,190,349,9,0,79,40,94,26,76,1,8,4,0,27,358,0,0,0,0,173,185,32,18,1,305,1,20,316,22,3000,3345,3600,3303.49162011173,503.535587783897,22,277,47,2,356,9.74022346368715,0.623626293420725,1,357
2015,"MUNICIPIO",211227,107,96,100,3,38,28,19,13,6,0,0,0,104,18,22,27,22.8878504672897,6.18782600102317,1,3,41,57,0,3,5,4,0,96,0,36,71,61,46,103,4,0,1,1,7,95,3,9,93,3,38,39,40,38.7714285714286,2.18498874692201,0,25,16,20,44,101,6,73,34,99,3,1,30,6,38,2,14,3,0,4,1,5,105,0,2,0,0,49,58,6,4,0,97,0,7,89,11,2950,3250,3672.5,3271.21495327103,576.43620517991,8,77,16,2,103,9.41904761904762,1.14170042194958,0,105
2015,"MUNICIPIO",211230,592,542,564,13,166,178,126,73,31,2,2,1,578,19,23,28,23.5827702702703,6.33684259221464,8,38,208,313,5,15,17,0,0,573,0,465,124,361,231,584,8,0,1,4,44,497,33,49,497,33,38,39,40,39.0621761658031,2.01283152743573,1,110,56,52,361,61,531,303,289,578,11,3,192,4,196,3,120,4,5,8,3,44,590,0,2,0,0,297,295,17,0,0,573,0,37,490,65,3000,3300,3650,3298.88682432432,570.503273853486,33,427,96,8,583,8.88324873096447,0.83457505926877,0,592
2015,"MUNICIPIO",211240,657,25,28,6,175,194,168,75,26,11,1,1,650,19,23,28,23.910197869102,6.09299148490939,11,100,278,250,11,3,45,21,0,588,0,313,339,454,203,648,9,0,2,8,73,528,39,83,528,39,38,39,40,38.4630769230769,2.34261579466375,54,296,142,69,77,46,611,445,212,624,18,15,138,29,198,81,93,8,10,7,15,71,604,1,52,0,0,325,332,45,21,0,588,0,58,549,50,2900,3200,3550,3210.47945205479,555.267039103109,61,458,104,1,44,9.53333333333333,1.05744116535239,3,652
2015,"MUNICIPIO",211245,398,229,239,9,120,123,78,51,11,6,0,0,389,18,22,27,23.1608040201005,6.11059049752949,6,71,181,128,4,3,16,44,2,322,0,139,254,261,137,391,4,0,2,10,48,255,35,60,255,35,38,39,40,38.6971428571429,2.88653486102085,1,151,82,27,52,321,77,324,74,387,8,3,90,11,136,8,36,5,3,4,3,55,316,10,72,0,0,194,204,16,44,2,322,0,28,339,31,2931.25,3200,3500,3204.98994974874,544.98516597518,24,259,48,3,280,9.69964664310954,0.909894321399237,3,393
2015,"MUNICIPIO",211250,1046,891,938,8,274,339,248,134,35,6,2,0,1038,19,23,28,23.7772466539197,5.71048716030455,14,98,413,470,14,31,49,12,1,960,1,199,845,658,388,1029,15,0,3,16,116,803,100,135,803,100,38,39,40,38.8747591522158,2.49042887055506,7,449,206,131,237,292,754,588,457,1033,6,1,311,15,392,14,160,4,1,14,1,122,997,2,47,0,0,530,516,49,12,1,960,1,61,862,96,3012.5,3340,3675,3322.89793915604,551.249576565574,56,735,165,11,976,9.65349544072948,0.887994892860272,0,1045
2015,"MUNICIPIO",211260,684,94,101,11,181,220,170,67,25,9,1,0,673,19,23,27,23.4795321637427,5.81696331024165,12,87,342,220,6,8,15,1,0,663,1,199,480,463,221,678,6,0,4,10,62,531,66,76,531,66,38,39,40,38.7964338781575,2.62517330530732,2,310,112,54,184,146,538,472,211,536,145,1,126,5,282,3,38,64,81,6,1,67,648,0,36,0,0,345,338,15,1,0,663,1,40,589,55,2948.75,3250,3600,3262.66666666667,530.202616039978,51,484,106,1,133,8.97014925373134,0.849062273613145,3,679
2015,"MUNICIPIO",211270,932,816,828,16,280,261,205,112,45,12,1,0,916,18.75,23,28,23.5708154506438,6.24511204611977,43,136,357,360,13,18,16,22,0,890,0,504,424,612,320,919,13,0,2,9,106,743,65,117,743,65,38,39,40,38.8313513513514,2.32985767982442,1,270,134,125,363,109,823,614,318,890,32,4,244,18,322,13,172,12,18,12,4,106,906,2,24,0,0,444,488,16,22,0,890,0,68,814,50,2924,3232,3560,3218.55793991416,550.322399279268,73,715,121,23,852,8.71428571428571,0.75830371080213,6,924
2015,"MUNICIPIO",211280,1071,667,715,18,266,340,261,120,50,15,1,0,1053,19,23,28,23.906629318394,6.07220286221153,4,83,392,537,10,38,113,23,5,908,4,570,489,726,345,1053,16,1,9,17,116,733,101,143,733,101,38,39,40,38.7379733879222,2.9785643318215,6,403,239,91,226,88,983,790,279,991,34,0,239,8,394,9,118,14,19,16,0,127,1026,1,43,0,0,572,498,113,23,5,908,4,106,907,57,2884,3200,3529.5,3167.20280373832,627.547975194569,90,705,113,24,935,9.58602711157456,1.13063839343851,3,989
2015,"MUNICIPIO",211285,167,146,152,7,53,48,32,16,8,3,0,0,160,18,22,27,23.0658682634731,6.37307752685183,4,16,55,77,6,7,9,0,0,154,0,122,45,100,67,164,2,0,1,2,17,137,7,20,137,7,38,39,40,38.5670731707317,2.53110974366788,1,49,28,25,61,103,64,116,50,162,4,0,31,24,39,17,28,1,2,2,0,19,165,0,0,2,0,74,93,9,0,0,154,0,14,144,9,2965,3240,3600,3203.44311377246,576.045457175399,10,125,21,2,162,9.3109756097561,0.923916191131978,1,166
2015,"MUNICIPIO",211290,570,50,52,7,163,179,118,67,32,4,0,0,563,19,23,27,23.5561403508772,5.93175949155729,11,54,204,276,8,13,92,5,0,464,0,118,450,349,221,565,5,0,2,9,49,457,51,60,457,51,38,39,40,38.9947183098592,2.35289763002375,2,185,45,62,263,53,517,339,227,551,15,1,170,19,196,10,96,5,9,5,1,54,562,1,6,1,0,288,282,92,5,0,464,0,34,503,33,3000,3254,3600,3269.4298245614,513.412261835244,30,455,68,1,66,9.11940298507463,0.640132279409865,2,562
2015,"MUNICIPIO",211300,521,464,488,4,147,165,125,53,23,4,0,0,517,19,22,28,23.5374280230326,5.85818299369334,9,49,200,215,20,26,61,4,1,454,1,164,349,284,237,513,8,0,2,4,39,433,37,45,433,37,38,39,40,38.8718446601942,2.16334054426319,0,175,125,107,99,99,422,206,314,506,10,1,192,22,120,11,106,2,8,8,1,43,518,2,1,0,0,271,250,61,4,1,454,1,14,456,51,3100,3400,3700,3369.93474088292,473.569209021298,15,390,84,3,516,9.23121387283237,0.766396491108378,1,519
2015,"MUNICIPIO",211400,777,661,691,13,223,222,196,90,28,5,0,0,764,19,23,27,23.4092664092664,5.66821637815678,8,91,264,353,7,43,53,18,0,699,4,329,446,339,438,754,16,2,2,11,71,589,55,86,589,55,38,39,40,38.8356164383562,2.56340019086948,1,269,94,88,301,55,722,455,318,708,24,33,302,12,163,3,103,14,5,16,33,76,766,0,10,1,0,395,382,53,18,0,699,4,53,663,59,2927.5,3255,3577.5,3240.08,580.446189686389,48,557,90,9,760,8.63068920676203,0.905075197382631,1,772
